siteID,plotID,nlcdClass,collectDate,taxonID,tagID,sex,lifeStage
SCBI,SCBI_008,deciduousForest,2018-04-08,PELE,NEON.MAM.D02.O008E1020180408,M,adult
SCBI,SCBI_003,deciduousForest,2018-04-13,PELE,NEON.MAM.D02.R2743,F,adult
SCBI,SCBI_002,deciduousForest,2018-05-08,PELE,NEON.MAM.D02.R2692,F,subadult
SCBI,SCBI_008,deciduousForest,2018-05-08,PELE,NEON.MAM.D02.R2760,M,adult
SCBI,SCBI_008,deciduousForest,2018-05-08,PELE,NEON.MAM.D02.R2757,F,adult
SCBI,SCBI_035,pastureHay,2018-05-08,BLBR,NEON.MAM.D02.O035E720180508,U,adult
SCBI,SCBI_035,pastureHay,2018-05-08,PELE,NEON.MAM.D02.R2755,F,subadult
SCBI,SCBI_035,pastureHay,2018-05-08,PELE,NEON.MAM.D02.R2754,F,adult
SCBI,SCBI_035,pastureHay,2018-05-08,PELE,NEON.MAM.D02.R2774,M,subadult
SCBI,SCBI_008,deciduousForest,2018-05-08,PELE,NEON.MAM.D02.R2758,F,adult
SCBI,SCBI_008,deciduousForest,2018-05-08,PELE,NEON.MAM.D02.R2759,M,adult
SCBI,SCBI_002,deciduousForest,2018-05-08,PELE,NEON.MAM.D02.R2612,F,adult
SCBI,SCBI_035,pastureHay,2018-05-08,MUMU,NEON.MAM.D02.R2756,F,adult
SCBI,SCBI_008,deciduousForest,2018-05-09,PELE,NEON.MAM.D02.R2772,M,adult
SCBI,SCBI_004,deciduousForest,2018-05-09,PELE,NEON.MAM.D02.R2771,F,subadult
SCBI,SCBI_008,deciduousForest,2018-05-09,PELE,NEON.MAM.D02.R2757,F,adult
SCBI,SCBI_004,deciduousForest,2018-05-09,PELE,NEON.MAM.D02.R2763,M,subadult
SCBI,SCBI_008,deciduousForest,2018-05-09,PELE,NEON.MAM.D02.R2670,F,adult
SCBI,SCBI_008,deciduousForest,2018-05-09,SRSP,NEON.MAM.D02.O008H620180509,F,adult
SCBI,SCBI_008,deciduousForest,2018-05-09,PELE,NEON.MAM.D02.R2697,F,adult
SCBI,SCBI_035,pastureHay,2018-05-09,PELE,NEON.MAM.D02.R2691,M,subadult
SCBI,SCBI_035,pastureHay,2018-05-09,PELE,NEON.MAM.D02.R2755,F,adult
SCBI,SCBI_035,pastureHay,2018-05-09,PELE,NEON.MAM.D02.R2774,M,adult
SCBI,SCBI_035,pastureHay,2018-05-09,PELE,NEON.MAM.D02.R2754,F,adult
SCBI,SCBI_008,deciduousForest,2018-05-09,PELE,NEON.MAM.D02.R2758,F,adult
SCBI,SCBI_008,deciduousForest,2018-05-09,PELE,NEON.MAM.D02.R2759,M,adult
SCBI,SCBI_004,deciduousForest,2018-05-09,SRSP,NEON.MAM.D02.O004D320180509,F,adult
SCBI,SCBI_008,deciduousForest,2018-05-09,PELE,NEON.MAM.D02.R2676,M,adult
SCBI,SCBI_008,deciduousForest,2018-05-09,PELE,NEON.MAM.D02.R2665,M,subadult
SCBI,SCBI_008,deciduousForest,2018-05-09,PELE,NEON.MAM.D02.R2760,M,adult
SCBI,SCBI_008,deciduousForest,2018-05-09,PELE,NEON.MAM.D02.R2768,M,adult
SCBI,SCBI_008,deciduousForest,2018-05-09,PELE,NEON.MAM.D02.R2773,F,subadult
SCBI,SCBI_008,deciduousForest,2018-05-09,PELE,NEON.MAM.D02.R2766,M,adult
SCBI,SCBI_003,deciduousForest,2018-05-10,PELE,NEON.MAM.D02.R2689,M,adult
SCBI,SCBI_003,deciduousForest,2018-05-10,PELE,NEON.MAM.D02.R2680,F,adult
SCBI,SCBI_008,deciduousForest,2018-05-10,PELE,NEON.MAM.D02.R2670,F,adult
SCBI,SCBI_003,deciduousForest,2018-05-10,PELE,NEON.MAM.D02.R2955,F,subadult
SCBI,SCBI_003,deciduousForest,2018-05-10,PELE,NEON.MAM.D02.R2953,M,adult
SCBI,SCBI_003,deciduousForest,2018-05-10,PELE,NEON.MAM.D02.R2681,F,subadult
SCBI,SCBI_003,deciduousForest,2018-05-10,PELE,NEON.MAM.D02.R2952,F,adult
SCBI,SCBI_035,pastureHay,2018-05-10,PELE,NEON.MAM.D02.R2774,M,adult
SCBI,SCBI_003,deciduousForest,2018-05-10,PELE,NEON.MAM.D02.R2954,M,subadult
SCBI,SCBI_008,deciduousForest,2018-05-10,PELE,NEON.MAM.D02.L2762,M,adult
SCBI,SCBI_008,deciduousForest,2018-05-10,PELE,NEON.MAM.D02.R2697,F,adult
SCBI,SCBI_008,deciduousForest,2018-05-10,PELE,NEON.MAM.D02.R2773,F,adult
SCBI,SCBI_035,pastureHay,2018-05-10,MUMU,NEON.MAM.D02.R2764,M,subadult
SCBI,SCBI_003,deciduousForest,2018-05-10,PELE,NEON.MAM.D02.R2687,F,subadult
SCBI,SCBI_003,deciduousForest,2018-05-10,PELE,NEON.MAM.D02.R2950,M,adult
SCBI,SCBI_003,deciduousForest,2018-05-10,PELE,NEON.MAM.D02.R2951,F,adult
SCBI,SCBI_003,deciduousForest,2018-05-10,PELE,NEON.MAM.D02.R2684,M,adult
SCBI,SCBI_003,deciduousForest,2018-05-10,PELE,NEON.MAM.D02.R2690,F,adult
SCBI,SCBI_008,deciduousForest,2018-05-10,PELE,NEON.MAM.D02.R2761,F,subadult
SCBI,SCBI_003,deciduousForest,2018-05-10,PELE,NEON.MAM.D02.R2688,M,adult
SCBI,SCBI_008,deciduousForest,2018-05-10,PELE,NEON.MAM.D02.R2760,M,adult
SCBI,SCBI_035,pastureHay,2018-05-10,PELE,NEON.MAM.D02.R2767,F,adult
SCBI,SCBI_003,deciduousForest,2018-05-10,PELE,NEON.MAM.D02.R2683,F,adult
SCBI,SCBI_035,pastureHay,2018-05-10,PELE,NEON.MAM.D02.R2765,F,adult
SCBI,SCBI_008,deciduousForest,2018-05-10,PELE,NEON.MAM.D02.R2757,F,adult
SCBI,SCBI_003,deciduousForest,2018-05-10,PELE,NEON.MAM.D02.R2682,M,subadult
SCBI,SCBI_003,deciduousForest,2018-05-10,PELE,NEON.MAM.D02.R2685,M,subadult
SCBI,SCBI_008,deciduousForest,2018-05-10,PELE,NEON.MAM.D02.R2676,M,adult
SCBI,SCBI_035,pastureHay,2018-05-10,PELE,NEON.MAM.D02.R2755,F,adult
SCBI,SCBI_003,deciduousForest,2018-05-10,PELE,NEON.MAM.D02.R2686,U,juvenile
SCBI,SCBI_008,deciduousForest,2018-05-10,PELE,NEON.MAM.D02.R2759,M,adult
SCBI,SCBI_035,pastureHay,2018-05-10,PELE,NEON.MAM.D02.R2754,F,adult
SCBI,SCBI_002,deciduousForest,2018-06-05,PELE,NEON.MAM.D02.R2802,F,subadult
SCBI,SCBI_002,deciduousForest,2018-06-05,PELE,NEON.MAM.D02.R2784,F,adult
SCBI,SCBI_002,deciduousForest,2018-06-05,PELE,NEON.MAM.D02.R2785,M,adult
SCBI,SCBI_008,deciduousForest,2018-06-05,PELE,NEON.MAM.D02.R2925,F,adult
SCBI,SCBI_035,pastureHay,2018-06-05,PELE,NEON.MAM.D02.R2909,F,subadult
SCBI,SCBI_002,deciduousForest,2018-06-05,PELE,NEON.MAM.D02.R2803,F,subadult
SCBI,SCBI_008,deciduousForest,2018-06-05,PELE,NEON.MAM.D02.R2947,M,adult
SCBI,SCBI_035,pastureHay,2018-06-05,PELE,NEON.MAM.D02.R2696,M,subadult
SCBI,SCBI_035,pastureHay,2018-06-05,PELE,NEON.MAM.D02.R2974,M,adult
SCBI,SCBI_008,deciduousForest,2018-06-05,PELE,NEON.MAM.D02.L2821,F,subadult
SCBI,SCBI_002,deciduousForest,2018-06-05,PELE,NEON.MAM.D02.R2800,F,subadult
SCBI,SCBI_035,pastureHay,2018-06-05,PELE,NEON.MAM.D02.R2971,M,subadult
SCBI,SCBI_035,pastureHay,2018-06-05,PELE,NEON.MAM.D02.L2917,F,adult
SCBI,SCBI_035,pastureHay,2018-06-05,PELE,NEON.MAM.D02.R2948,M,subadult
SCBI,SCBI_002,deciduousForest,2018-06-05,PELE,NEON.MAM.D02.R2781,M,subadult
SCBI,SCBI_008,deciduousForest,2018-06-05,PELE,NEON.MAM.D02.R2778,M,adult
SCBI,SCBI_035,pastureHay,2018-06-05,PELE,NEON.MAM.D02.R2918,F,subadult
SCBI,SCBI_008,deciduousForest,2018-06-05,PELE,NEON.MAM.D02.L2804,M,adult
SCBI,SCBI_002,deciduousForest,2018-06-05,PELE,NEON.MAM.D02.R2779,M,adult
SCBI,SCBI_008,deciduousForest,2018-06-05,PELE,NEON.MAM.D02.R2820,M,adult
SCBI,SCBI_035,pastureHay,2018-06-05,PELE,NEON.MAM.D02.R2907,F,subadult
SCBI,SCBI_008,deciduousForest,2018-06-05,PELE,NEON.MAM.D02.R2968,M,subadult
SCBI,SCBI_002,deciduousForest,2018-06-05,PELE,NEON.MAM.D02.R2780,F,subadult
SCBI,SCBI_008,deciduousForest,2018-06-05,PELE,NEON.MAM.D02.R2666,M,adult
SCBI,SCBI_035,pastureHay,2018-06-05,PELE,NEON.MAM.D02.R2923,M,subadult
SCBI,SCBI_035,pastureHay,2018-06-05,PELE,NEON.MAM.D02.R2901,M,adult
SCBI,SCBI_035,pastureHay,2018-06-05,BLBR,NEON.MAM.D02.O035I720180605,F,adult
SCBI,SCBI_008,deciduousForest,2018-06-05,PELE,NEON.MAM.D02.R2805,M,adult
SCBI,SCBI_035,pastureHay,2018-06-05,PELE,NEON.MAM.D02.R2969,M,adult
SCBI,SCBI_035,pastureHay,2018-06-05,MUMU,NEON.MAM.D02.R2904,F,adult
SCBI,SCBI_002,deciduousForest,2018-06-05,PELE,NEON.MAM.D02.R2782,F,adult
SCBI,SCBI_035,pastureHay,2018-06-05,PELE,NEON.MAM.D02.R2916,F,adult
SCBI,SCBI_035,pastureHay,2018-06-05,PELE,NEON.MAM.D02.R2903,M,adult
SCBI,SCBI_008,deciduousForest,2018-06-05,PELE,NEON.MAM.D02.R2760,M,adult
SCBI,SCBI_002,deciduousForest,2018-06-05,PELE,NEON.MAM.D02.R2801,M,adult
SCBI,SCBI_035,pastureHay,2018-06-05,PELE,NEON.MAM.D02.R2908,F,subadult
SCBI,SCBI_035,pastureHay,2018-06-05,PELE,NEON.MAM.D02.R2967,F,subadult
SCBI,SCBI_008,deciduousForest,2018-06-05,PELE,NEON.MAM.D02.L2822,F,adult
SCBI,SCBI_002,deciduousForest,2018-06-05,PELE,NEON.MAM.D02.R2783,M,adult
SCBI,SCBI_008,deciduousForest,2018-06-05,PELE,NEON.MAM.D02.R2759,M,adult
SCBI,SCBI_008,deciduousForest,2018-06-05,PELE,NEON.MAM.D02.R2919,F,adult
SCBI,SCBI_008,deciduousForest,2018-06-05,PELE,NEON.MAM.D02.O008I520180605,M,adult
SCBI,SCBI_008,deciduousForest,2018-06-05,PELE,NEON.MAM.D02.R2697,F,adult
SCBI,SCBI_035,pastureHay,2018-06-05,PELE,NEON.MAM.D02.R2970,F,subadult
SCBI,SCBI_035,pastureHay,2018-06-05,PELE,NEON.MAM.D02.R2902,F,subadult
SCBI,SCBI_008,deciduousForest,2018-06-05,PELE,NEON.MAM.D02.R2824,F,adult
SCBI,SCBI_008,deciduousForest,2018-06-06,PELE,NEON.MAM.D02.R2902,F,adult
SCBI,SCBI_008,deciduousForest,2018-06-06,PELE,NEON.MAM.D02.R2945,F,subadult
SCBI,SCBI_035,pastureHay,2018-06-06,PELE,NEON.MAM.D02.R2916,M,adult
SCBI,SCBI_008,deciduousForest,2018-06-06,PELE,NEON.MAM.D02.L2944,M,subadult
SCBI,SCBI_008,deciduousForest,2018-06-06,PELE,NEON.MAM.D02.R2778,M,adult
SCBI,SCBI_035,pastureHay,2018-06-06,PELE,NEON.MAM.D02.L2917,F,subadult
SCBI,SCBI_035,pastureHay,2018-06-06,PELE,NEON.MAM.D02.R2909,F,subadult
SCBI,SCBI_035,pastureHay,2018-06-06,PELE,NEON.MAM.D02.R2902,F,adult
SCBI,SCBI_035,pastureHay,2018-06-06,PELE,NEON.MAM.D02.R2696,M,subadult
SCBI,SCBI_035,pastureHay,2018-06-06,PELE,NEON.MAM.D02.R2974,M,adult
SCBI,SCBI_008,deciduousForest,2018-06-06,PELE,NEON.MAM.D02.R2923,M,subadult
SCBI,SCBI_008,deciduousForest,2018-06-06,PELE,NEON.MAM.D02.R2805,M,adult
SCBI,SCBI_008,deciduousForest,2018-06-06,PELE,NEON.MAM.D02.L2821,F,adult
SCBI,SCBI_008,deciduousForest,2018-06-06,PELE,NEON.MAM.D02.L2822,F,subadult
SCBI,SCBI_008,deciduousForest,2018-06-06,BLBR,NEON.MAM.D02.O008B1020180606,U,unknown
SCBI,SCBI_008,deciduousForest,2018-06-06,PELE,NEON.MAM.D02.R2925,F,adult
SCBI,SCBI_035,pastureHay,2018-06-06,PELE,NEON.MAM.D02.R2923,M,subadult
SCBI,SCBI_035,pastureHay,2018-06-06,PELE,NEON.MAM.D02.R2809,M,adult
SCBI,SCBI_008,deciduousForest,2018-06-06,PELE,NEON.MAM.D02.R2967,F,subadult
SCBI,SCBI_008,deciduousForest,2018-06-06,PELE,NEON.MAM.D02.R2759,M,adult
SCBI,SCBI_035,pastureHay,2018-06-06,PELE,NEON.MAM.D02.R2907,F,subadult
SCBI,SCBI_035,pastureHay,2018-06-06,PELE,NEON.MAM.D02.R2971,F,subadult
SCBI,SCBI_035,pastureHay,2018-06-06,PELE,NEON.MAM.D02.R2807,M,subadult
SCBI,SCBI_008,deciduousForest,2018-06-06,PELE,NEON.MAM.D02.R2969,M,adult
SCBI,SCBI_008,deciduousForest,2018-06-06,PELE,NEON.MAM.D02.R2974,M,adult
SCBI,SCBI_035,pastureHay,2018-06-06,PELE,NEON.MAM.D02.R2969,M,adult
SCBI,SCBI_008,deciduousForest,2018-06-06,PELE,NEON.MAM.D02.R2824,F,adult
SCBI,SCBI_035,pastureHay,2018-06-06,PELE,NEON.MAM.D02.R2948,M,subadult
SCBI,SCBI_008,deciduousForest,2018-06-06,PELE,NEON.MAM.D02.R2760,M,adult
SCBI,SCBI_035,pastureHay,2018-06-06,MUMU,NEON.MAM.D02.L2819,F,adult
SCBI,SCBI_035,pastureHay,2018-06-06,PELE,NEON.MAM.D02.R2967,F,subadult
SCBI,SCBI_035,pastureHay,2018-06-06,BLBR,NEON.MAM.D02.O035B1020180606,U,adult
SCBI,SCBI_035,pastureHay,2018-06-06,PELE,NEON.MAM.D02.R2918,F,subadult
SCBI,SCBI_008,deciduousForest,2018-06-06,PELE,NEON.MAM.D02.R2697,F,adult
SCBI,SCBI_008,deciduousForest,2018-06-06,PELE,NEON.MAM.D02.R2947,M,adult
SCBI,SCBI_008,deciduousForest,2018-06-06,PELE,NEON.MAM.D02.L2804,M,adult
SCBI,SCBI_035,pastureHay,2018-06-06,PELE,NEON.MAM.D02.R2808,M,adult
SCBI,SCBI_035,pastureHay,2018-06-06,PELE,NEON.MAM.D02.R2970,F,subadult
SCBI,SCBI_008,deciduousForest,2018-06-06,PELE,NEON.MAM.D02.R2820,M,adult
SCBI,SCBI_035,pastureHay,2018-06-06,PELE,NEON.MAM.D02.R2908,F,subadult
SCBI,SCBI_008,deciduousForest,2018-06-06,PELE,NEON.MAM.D02.L2946,M,adult
SCBI,SCBI_035,pastureHay,2018-06-06,PELE,NEON.MAM.D02.R2903,M,adult
SCBI,SCBI_008,deciduousForest,2018-06-06,PELE,NEON.MAM.D02.R2971,F,subadult
SCBI,SCBI_008,deciduousForest,2018-06-06,PELE,NEON.MAM.D02.R2666,M,adult
SCBI,SCBI_035,pastureHay,2018-06-06,PELE,NEON.MAM.D02.R2901,M,subadult
SCBI,SCBI_004,deciduousForest,2018-06-07,PELE,NEON.MAM.D02.R2771,F,subadult
SCBI,SCBI_035,pastureHay,2018-06-07,PELE,NEON.MAM.D02.R2967,F,subadult
SCBI,SCBI_035,pastureHay,2018-06-07,PELE,NEON.MAM.D02.R2908,F,subadult
SCBI,SCBI_035,pastureHay,2018-06-07,PELE,NEON.MAM.D02.R2969,M,subadult
SCBI,SCBI_035,pastureHay,2018-06-07,PELE,NEON.MAM.D02.R2809,M,adult
SCBI,SCBI_035,pastureHay,2018-06-07,PELE,NEON.MAM.D02.R2812,F,subadult
SCBI,SCBI_035,pastureHay,2018-06-07,PELE,NEON.MAM.D02.R2970,F,subadult
SCBI,SCBI_035,pastureHay,2018-06-07,PELE,NEON.MAM.D02.R2696,M,subadult
SCBI,SCBI_035,pastureHay,2018-06-07,PELE,NEON.MAM.D02.R2811,M,adult
SCBI,SCBI_035,pastureHay,2018-06-07,PELE,NEON.MAM.D02.R2923,M,subadult
SCBI,SCBI_035,pastureHay,2018-06-07,PELE,NEON.MAM.D02.R2974,M,adult
SCBI,SCBI_035,pastureHay,2018-06-07,PELE,NEON.MAM.D02.R2902,F,subadult
SCBI,SCBI_035,pastureHay,2018-06-07,PELE,NEON.MAM.D02.R2810,M,adult
SCBI,SCBI_035,pastureHay,2018-06-07,PELE,NEON.MAM.D02.L2917,F,subadult
SCBI,SCBI_035,pastureHay,2018-06-07,PELE,NEON.MAM.D02.R2916,M,subadult
SCBI,SCBI_035,pastureHay,2018-06-07,PELE,NEON.MAM.D02.R2901,M,adult
SCBI,SCBI_035,pastureHay,2018-06-07,BLBR,NEON.MAM.D02.O035B1020180607,U,adult
SCBI,SCBI_035,pastureHay,2018-06-07,PELE,NEON.MAM.D02.R2918,F,subadult
SCBI,SCBI_035,pastureHay,2018-06-07,PELE,NEON.MAM.D02.R2823,M,subadult
SCBI,SCBI_035,pastureHay,2018-06-07,PELE,NEON.MAM.D02.R2903,M,adult
SCBI,SCBI_004,deciduousForest,2018-06-07,PELE,NEON.MAM.D02.R2927,M,adult
SCBI,SCBI_004,deciduousForest,2018-06-07,PELE,NEON.MAM.D02.R2943,F,adult
SCBI,SCBI_004,deciduousForest,2018-06-07,PELE,NEON.MAM.D02.R2928,M,adult
SCBI,SCBI_004,deciduousForest,2018-06-07,PELE,NEON.MAM.D02.R2926,M,subadult
SCBI,SCBI_003,deciduousForest,2018-06-08,PELE,NEON.MAM.D02.R2997,F,subadult
SCBI,SCBI_003,deciduousForest,2018-06-08,PELE,NEON.MAM.D02.R2932,M,adult
SCBI,SCBI_003,deciduousForest,2018-06-08,PELE,NEON.MAM.D02.R2939,F,subadult
SCBI,SCBI_003,deciduousForest,2018-06-08,PELE,NEON.MAM.D02.R2936,F,subadult
SCBI,SCBI_003,deciduousForest,2018-06-08,PELE,NEON.MAM.D02.R2975,F,adult
SCBI,SCBI_003,deciduousForest,2018-06-08,PELE,NEON.MAM.D02.R2681,F,adult
SCBI,SCBI_003,deciduousForest,2018-06-08,PELE,NEON.MAM.D02.R2938,M,subadult
SCBI,SCBI_003,deciduousForest,2018-06-08,PELE,NEON.MAM.D02.R2942,M,subadult
SCBI,SCBI_003,deciduousForest,2018-06-08,PELE,NEON.MAM.D02.R2683,F,adult
SCBI,SCBI_003,deciduousForest,2018-06-08,PELE,NEON.MAM.D02.R2686,F,subadult
SCBI,SCBI_003,deciduousForest,2018-06-08,PELE,NEON.MAM.D02.R2930,F,adult
SCBI,SCBI_003,deciduousForest,2018-06-08,PELE,NEON.MAM.D02.R2931,M,adult
SCBI,SCBI_003,deciduousForest,2018-06-08,PELE,NEON.MAM.D02.R2999,F,subadult
SCBI,SCBI_003,deciduousForest,2018-06-08,PELE,NEON.MAM.D02.R2941,M,juvenile
SCBI,SCBI_003,deciduousForest,2018-06-08,PELE,NEON.MAM.D02.R2998,M,subadult
SCBI,SCBI_003,deciduousForest,2018-06-08,PELE,NEON.MAM.D02.R2933,F,adult
SCBI,SCBI_003,deciduousForest,2018-06-08,PELE,NEON.MAM.D02.R2937,F,adult
SCBI,SCBI_003,deciduousForest,2018-06-08,PELE,NEON.MAM.D02.R2934,M,adult
SCBI,SCBI_003,deciduousForest,2018-06-08,PELE,NEON.MAM.D02.R2935,M,subadult
SCBI,SCBI_003,deciduousForest,2018-06-08,PELE,NEON.MAM.D02.R2940,M,adult
SCBI,SCBI_008,deciduousForest,2018-08-07,PELE,NEON.MAM.D02.L3130,M,adult
SCBI,SCBI_008,deciduousForest,2018-08-07,PELE,NEON.MAM.D02.R2945,F,adult
SCBI,SCBI_008,deciduousForest,2018-08-07,PELE,NEON.MAM.D02.L3126,M,adult
SCBI,SCBI_008,deciduousForest,2018-08-07,PELE,NEON.MAM.D02.R3137,F,adult
SCBI,SCBI_035,pastureHay,2018-08-07,PELE,NEON.MAM.D02.R3202,M,adult
SCBI,SCBI_035,pastureHay,2018-08-07,PELE,NEON.MAM.D02.L3223,M,adult
SCBI,SCBI_035,pastureHay,2018-08-07,PELE,NEON.MAM.D02.L3221,M,adult
SCBI,SCBI_008,deciduousForest,2018-08-07,PELE,NEON.MAM.D02.R3132,F,adult
SCBI,SCBI_035,pastureHay,2018-08-07,PELE,NEON.MAM.D02.R3203,M,adult
SCBI,SCBI_035,pastureHay,2018-08-07,PELE,NEON.MAM.D02.R2902,F,adult
SCBI,SCBI_035,pastureHay,2018-08-07,PELE,NEON.MAM.D02.R3218,M,adult
SCBI,SCBI_008,deciduousForest,2018-08-07,PELE,NEON.MAM.D02.R2820,M,adult
SCBI,SCBI_008,deciduousForest,2018-08-07,PELE,NEON.MAM.D02.R3133,M,adult
SCBI,SCBI_008,deciduousForest,2018-08-07,PELE,NEON.MAM.D02.R3131,M,adult
SCBI,SCBI_008,deciduousForest,2018-08-07,PELE,NEON.MAM.D02.R3141,F,adult
SCBI,SCBI_008,deciduousForest,2018-08-07,PELE,NEON.MAM.D02.R3134,F,adult
SCBI,SCBI_008,deciduousForest,2018-08-07,PELE,NEON.MAM.D02.R3139,M,adult
SCBI,SCBI_035,pastureHay,2018-08-07,MUMU,NEON.MAM.D02.R3224,F,adult
SCBI,SCBI_008,deciduousForest,2018-08-07,PELE,NEON.MAM.D02.R3128,M,adult
SCBI,SCBI_008,deciduousForest,2018-08-07,PELE,NEON.MAM.D02.R3140,M,adult
SCBI,SCBI_008,deciduousForest,2018-08-07,PELE,NEON.MAM.D02.R2805,M,adult
SCBI,SCBI_035,pastureHay,2018-08-07,PELE,NEON.MAM.D02.R3222,M,adult
SCBI,SCBI_008,deciduousForest,2018-08-07,PELE,NEON.MAM.D02.R3136,F,adult
SCBI,SCBI_008,deciduousForest,2018-08-07,PELE,NEON.MAM.D02.R2760,M,adult
SCBI,SCBI_035,pastureHay,2018-08-07,PELE,NEON.MAM.D02.L3220,F,adult
SCBI,SCBI_008,deciduousForest,2018-08-07,PELE,NEON.MAM.D02.R2806,F,adult
SCBI,SCBI_008,deciduousForest,2018-08-07,PELE,NEON.MAM.D02.R3138,M,adult
SCBI,SCBI_008,deciduousForest,2018-08-07,PELE,NEON.MAM.D02.L3135,M,adult
SCBI,SCBI_035,pastureHay,2018-08-07,PELE,NEON.MAM.D02.R2974,M,adult
SCBI,SCBI_035,pastureHay,2018-08-07,MUMU,NEON.MAM.D02.R3217,F,adult
SCBI,SCBI_035,pastureHay,2018-08-07,PELE,NEON.MAM.D02.R3219,M,adult
SCBI,SCBI_008,deciduousForest,2018-08-07,PELE,NEON.MAM.D02.L2804,M,adult
SCBI,SCBI_008,deciduousForest,2018-08-07,PELE,NEON.MAM.D02.R3129,M,adult
SCBI,SCBI_035,pastureHay,2018-08-07,PELE,NEON.MAM.D02.L3204,M,adult
SCBI,SCBI_008,deciduousForest,2018-08-07,PELE,NEON.MAM.D02.R2697,F,adult
SCBI,SCBI_008,deciduousForest,2018-08-08,PELE,NEON.MAM.D02.R3134,F,subadult
SCBI,SCBI_008,deciduousForest,2018-08-08,PELE,NEON.MAM.D02.R2820,M,adult
SCBI,SCBI_008,deciduousForest,2018-08-08,PELE,NEON.MAM.D02.L2804,M,adult
SCBI,SCBI_008,deciduousForest,2018-08-08,PELE,NEON.MAM.D02.O008I920180808,U,adult
SCBI,SCBI_008,deciduousForest,2018-08-08,PELE,NEON.MAM.D02.R3211,M,adult
SCBI,SCBI_035,pastureHay,2018-08-08,PELE,NEON.MAM.D02.R2970,F,adult
SCBI,SCBI_004,deciduousForest,2018-08-08,PELE,NEON.MAM.D02.R3205,F,subadult
SCBI,SCBI_008,deciduousForest,2018-08-08,PELE,NEON.MAM.D02.R3120,M,adult
SCBI,SCBI_004,deciduousForest,2018-08-08,PELE,NEON.MAM.D02.R3201,M,subadult
SCBI,SCBI_008,deciduousForest,2018-08-08,PELE,NEON.MAM.D02.R3123,F,adult
SCBI,SCBI_008,deciduousForest,2018-08-08,PELE,NEON.MAM.D02.R3131,M,adult
SCBI,SCBI_035,pastureHay,2018-08-08,PELE,NEON.MAM.D02.R3222,M,adult
SCBI,SCBI_008,deciduousForest,2018-08-08,PELE,NEON.MAM.D02.R3127,M,adult
SCBI,SCBI_008,deciduousForest,2018-08-08,PELE,NEON.MAM.D02.R3128,M,adult
SCBI,SCBI_035,pastureHay,2018-08-08,PELE,NEON.MAM.D02.L3220,F,adult
SCBI,SCBI_008,deciduousForest,2018-08-08,PELE,NEON.MAM.D02.L2946,M,adult
SCBI,SCBI_008,deciduousForest,2018-08-08,PELE,NEON.MAM.D02.R2760,M,adult
SCBI,SCBI_008,deciduousForest,2018-08-08,PELE,NEON.MAM.D02.L3135,M,adult
SCBI,SCBI_008,deciduousForest,2018-08-08,PELE,NEON.MAM.D02.R3209,M,adult
SCBI,SCBI_008,deciduousForest,2018-08-08,PELE,NEON.MAM.D02.L3130,M,adult
SCBI,SCBI_035,pastureHay,2018-08-08,PELE,NEON.MAM.D02.L3204,M,adult
SCBI,SCBI_035,pastureHay,2018-08-08,PELE,NEON.MAM.D02.R3203,M,adult
SCBI,SCBI_008,deciduousForest,2018-08-08,PELE,NEON.MAM.D02.R3140,M,adult
SCBI,SCBI_008,deciduousForest,2018-08-08,PELE,NEON.MAM.D02.R3132,F,adult
SCBI,SCBI_008,deciduousForest,2018-08-08,PELE,NEON.MAM.D02.R3216,F,adult
SCBI,SCBI_008,deciduousForest,2018-08-08,PELE,NEON.MAM.D02.R3141,F,adult
SCBI,SCBI_035,pastureHay,2018-08-08,PELE,NEON.MAM.D02.R3218,M,adult
SCBI,SCBI_004,deciduousForest,2018-08-08,PELE,NEON.MAM.D02.L3206,M,adult
SCBI,SCBI_008,deciduousForest,2018-08-08,PELE,NEON.MAM.D02.R3121,M,adult
SCBI,SCBI_035,pastureHay,2018-08-08,MUMU,NEON.MAM.D02.R3217,M,adult
SCBI,SCBI_008,deciduousForest,2018-08-08,PELE,NEON.MAM.D02.L3208,F,adult
SCBI,SCBI_035,pastureHay,2018-08-08,PELE,NEON.MAM.D02.R2974,M,adult
SCBI,SCBI_008,deciduousForest,2018-08-08,PELE,NEON.MAM.D02.R3138,M,adult
SCBI,SCBI_008,deciduousForest,2018-08-08,PELE,NEON.MAM.D02.R2806,F,adult
SCBI,SCBI_008,deciduousForest,2018-08-08,PELE,NEON.MAM.D02.R3137,F,adult
SCBI,SCBI_008,deciduousForest,2018-08-08,PELE,NEON.MAM.D02.R3133,M,adult
SCBI,SCBI_008,deciduousForest,2018-08-08,PELE,NEON.MAM.D02.R3139,M,adult
SCBI,SCBI_035,pastureHay,2018-08-08,PELE,NEON.MAM.D02.L3221,F,adult
SCBI,SCBI_008,deciduousForest,2018-08-08,PELE,NEON.MAM.D02.R2697,F,adult
SCBI,SCBI_008,deciduousForest,2018-08-08,PELE,NEON.MAM.D02.R3182,F,adult
SCBI,SCBI_035,pastureHay,2018-08-08,PELE,NEON.MAM.D02.R2902,F,adult
SCBI,SCBI_008,deciduousForest,2018-08-08,TAST,NEON.MAM.D02.R3215,F,adult
SCBI,SCBI_035,pastureHay,2018-08-08,PELE,NEON.MAM.D02.R3219,M,adult
SCBI,SCBI_035,pastureHay,2018-08-08,PELE,NEON.MAM.D02.R3202,M,adult
SCBI,SCBI_008,deciduousForest,2018-08-08,PELE,NEON.MAM.D02.L3126,M,adult
SCBI,SCBI_008,deciduousForest,2018-08-08,PELE,NEON.MAM.D02.R2805,M,adult
SCBI,SCBI_035,pastureHay,2018-08-08,BLBR,NEON.MAM.D02.O035F620180808,U,adult
SCBI,SCBI_008,deciduousForest,2018-08-09,PELE,NEON.MAM.D02.R3209,M,adult
SCBI,SCBI_008,deciduousForest,2018-08-09,BLBR,NEON.MAM.D02.O008I720180809,U,adult
SCBI,SCBI_008,deciduousForest,2018-08-09,PELE,NEON.MAM.D02.R3120,M,adult
SCBI,SCBI_008,deciduousForest,2018-08-09,PELE,NEON.MAM.D02.R2760,M,adult
SCBI,SCBI_008,deciduousForest,2018-08-09,PELE,NEON.MAM.D02.R3103,M,adult
SCBI,SCBI_008,deciduousForest,2018-08-09,PELE,NEON.MAM.D02.R3132,F,adult
SCBI,SCBI_008,deciduousForest,2018-08-09,PELE,NEON.MAM.D02.R2925,F,subadult
SCBI,SCBI_008,deciduousForest,2018-08-09,PELE,NEON.MAM.D02.L2804,M,adult
SCBI,SCBI_008,deciduousForest,2018-08-09,PELE,NEON.MAM.D02.R3100,M,adult
SCBI,SCBI_008,deciduousForest,2018-08-09,PELE,NEON.MAM.D02.R3102,M,adult
SCBI,SCBI_035,pastureHay,2018-08-09,PELE,NEON.MAM.D02.R2902,F,subadult
SCBI,SCBI_008,deciduousForest,2018-08-09,PELE,NEON.MAM.D02.R3211,M,adult
SCBI,SCBI_035,pastureHay,2018-08-09,PELE,NEON.MAM.D02.L3223,M,adult
SCBI,SCBI_035,pastureHay,2018-08-09,PELE,NEON.MAM.D02.L3204,M,adult
SCBI,SCBI_035,pastureHay,2018-08-09,BLBR,NEON.MAM.D02.O035H420180809,U,adult
SCBI,SCBI_035,pastureHay,2018-08-09,PELE,NEON.MAM.D02.R3203,M,adult
SCBI,SCBI_008,deciduousForest,2018-08-09,PELE,NEON.MAM.D02.R3140,M,adult
SCBI,SCBI_008,deciduousForest,2018-08-09,PELE,NEON.MAM.D02.R3119,M,adult
SCBI,SCBI_008,deciduousForest,2018-08-09,PELE,NEON.MAM.D02.R3128,M,adult
SCBI,SCBI_008,deciduousForest,2018-08-09,PELE,NEON.MAM.D02.R3127,M,adult
SCBI,SCBI_035,pastureHay,2018-08-09,PELE,NEON.MAM.D02.R3218,U,unknown
SCBI,SCBI_008,deciduousForest,2018-08-09,PELE,NEON.MAM.D02.R2697,F,adult
SCBI,SCBI_035,pastureHay,2018-08-09,PELE,NEON.MAM.D02.R3219,U,adult
SCBI,SCBI_008,deciduousForest,2018-08-09,PELE,NEON.MAM.D02.R3182,F,adult
SCBI,SCBI_008,deciduousForest,2018-08-09,PELE,NEON.MAM.D02.R3141,F,adult
SCBI,SCBI_035,pastureHay,2018-08-09,PELE,NEON.MAM.D02.L3221,F,subadult
SCBI,SCBI_008,deciduousForest,2018-08-09,PELE,NEON.MAM.D02.R3134,F,subadult
SCBI,SCBI_008,deciduousForest,2018-08-09,PELE,NEON.MAM.D02.R2806,F,adult
SCBI,SCBI_035,pastureHay,2018-08-09,PELE,NEON.MAM.D02.R3202,M,adult
SCBI,SCBI_008,deciduousForest,2018-08-09,PELE,NEON.MAM.D02.R3216,F,adult
SCBI,SCBI_008,deciduousForest,2018-08-09,PELE,NEON.MAM.D02.R2805,M,adult
SCBI,SCBI_008,deciduousForest,2018-08-09,PELE,NEON.MAM.D02.R3138,M,adult
SCBI,SCBI_008,deciduousForest,2018-08-09,PELE,NEON.MAM.D02.R3123,F,adult
SCBI,SCBI_008,deciduousForest,2018-08-09,PELE,NEON.MAM.D02.R2820,M,adult
SCBI,SCBI_008,deciduousForest,2018-08-09,PELE,NEON.MAM.D02.R3131,M,adult
SCBI,SCBI_008,deciduousForest,2018-08-09,PELE,NEON.MAM.D02.R3137,F,adult
SCBI,SCBI_008,deciduousForest,2018-08-09,TAST,NEON.MAM.D02.R3101,F,adult
SCBI,SCBI_035,pastureHay,2018-08-09,PELE,NEON.MAM.D02.R3222,M,adult
SCBI,SCBI_035,pastureHay,2018-08-09,PELE,NEON.MAM.D02.R2974,M,adult
SCBI,SCBI_008,deciduousForest,2018-08-09,PELE,NEON.MAM.D02.R3133,M,adult
SCBI,SCBI_035,pastureHay,2018-08-09,BLBR,NEON.MAM.D02.O035J120180809,U,adult
SCBI,SCBI_003,deciduousForest,2018-08-10,PELE,NEON.MAM.D02.R3230,M,adult
SCBI,SCBI_003,deciduousForest,2018-08-10,PELE,NEON.MAM.D02.R2999,F,subadult
SCBI,SCBI_003,deciduousForest,2018-08-10,PELE,NEON.MAM.D02.R3241,F,subadult
SCBI,SCBI_003,deciduousForest,2018-08-10,PELE,NEON.MAM.D02.L3249,F,adult
SCBI,SCBI_003,deciduousForest,2018-08-10,PELE,NEON.MAM.D02.L3231,M,adult
SCBI,SCBI_003,deciduousForest,2018-08-10,PELE,NEON.MAM.D02.R2681,F,adult
SCBI,SCBI_003,deciduousForest,2018-08-10,PELE,NEON.MAM.D02.R3244,M,adult
SCBI,SCBI_003,deciduousForest,2018-08-10,PELE,NEON.MAM.D02.R3235,M,adult
SCBI,SCBI_003,deciduousForest,2018-08-10,PELE,NEON.MAM.D02.R3240,M,subadult
SCBI,SCBI_003,deciduousForest,2018-08-10,PELE,NEON.MAM.D02.R3228,F,adult
SCBI,SCBI_003,deciduousForest,2018-08-10,PELE,NEON.MAM.D02.R3214,F,adult
SCBI,SCBI_003,deciduousForest,2018-08-10,PELE,NEON.MAM.D02.R2934,M,adult
SCBI,SCBI_003,deciduousForest,2018-08-10,PELE,NEON.MAM.D02.R3232,F,adult
SCBI,SCBI_003,deciduousForest,2018-08-10,PELE,NEON.MAM.D02.L3243,F,adult
SCBI,SCBI_003,deciduousForest,2018-08-10,PELE,NEON.MAM.D02.R3212,M,subadult
SCBI,SCBI_003,deciduousForest,2018-08-10,PELE,NEON.MAM.D02.R3266,F,adult
SCBI,SCBI_003,deciduousForest,2018-08-10,PELE,NEON.MAM.D02.R3246,F,adult
SCBI,SCBI_003,deciduousForest,2018-08-10,PELE,NEON.MAM.D02.R3229,M,adult
SCBI,SCBI_003,deciduousForest,2018-08-10,PELE,NEON.MAM.D02.R3233,M,adult
SCBI,SCBI_003,deciduousForest,2018-08-10,PELE,NEON.MAM.D02.R3213,M,adult
SCBI,SCBI_003,deciduousForest,2018-08-10,PELE,NEON.MAM.D02.R2935,M,adult
SCBI,SCBI_003,deciduousForest,2018-08-10,PELE,NEON.MAM.D02.R3227,F,subadult
SCBI,SCBI_003,deciduousForest,2018-08-10,PELE,NEON.MAM.D02.R3245,M,adult
SCBI,SCBI_003,deciduousForest,2018-08-10,PELE,NEON.MAM.D02.R3239,F,subadult
SCBI,SCBI_003,deciduousForest,2018-08-10,PELE,NEON.MAM.D02.R2933,F,adult
SCBI,SCBI_003,deciduousForest,2018-08-10,PELE,NEON.MAM.D02.R3247,F,adult
SCBI,SCBI_003,deciduousForest,2018-08-10,PELE,NEON.MAM.D02.R3238,F,subadult
SCBI,SCBI_003,deciduousForest,2018-08-10,PELE,NEON.MAM.D02.L3248,F,subadult
SCBI,SCBI_003,deciduousForest,2018-08-10,PELE,NEON.MAM.D02.R3237,F,adult
SCBI,SCBI_003,deciduousForest,2018-08-10,PELE,NEON.MAM.D02.R3234,M,subadult
SCBI,SCBI_003,deciduousForest,2018-08-10,PELE,NEON.MAM.D02.R2936,F,subadult
SCBI,SCBI_003,deciduousForest,2018-08-10,PELE,NEON.MAM.D02.R3236,M,adult
SCBI,SCBI_003,deciduousForest,2018-08-10,PELE,NEON.MAM.D02.R2688,M,adult
SCBI,SCBI_003,deciduousForest,2018-08-10,PELE,NEON.MAM.D02.R3241,F,subadult
SCBI,SCBI_008,deciduousForest,2018-09-05,PELE,NEON.MAM.D02.L3225,M,adult
SCBI,SCBI_035,pastureHay,2018-09-05,PELE,NEON.MAM.D02.R2974,M,adult
SCBI,SCBI_008,deciduousForest,2018-09-05,PELE,NEON.MAM.D02.L3096,F,adult
SCBI,SCBI_035,pastureHay,2018-09-05,PELE,NEON.MAM.D02.R3124,M,adult
SCBI,SCBI_008,deciduousForest,2018-09-05,PELE,NEON.MAM.D02.R3130,F,adult
SCBI,SCBI_008,deciduousForest,2018-09-05,PELE,NEON.MAM.D02.L3274,M,adult
SCBI,SCBI_008,deciduousForest,2018-09-05,PELE,NEON.MAM.D02.R2945,F,adult
SCBI,SCBI_008,deciduousForest,2018-09-05,PELE,NEON.MAM.D02.R3141,F,adult
SCBI,SCBI_002,deciduousForest,2018-09-05,PELE,NEON.MAM.D02.R3261,M,adult
SCBI,SCBI_008,deciduousForest,2018-09-05,PELE,NEON.MAM.D02.R3098,M,adult
SCBI,SCBI_008,deciduousForest,2018-09-05,TAST,NEON.MAM.D02.L3019,F,adult
SCBI,SCBI_035,pastureHay,2018-09-05,MUMU,NEON.MAM.D02.R3107,M,adult
SCBI,SCBI_008,deciduousForest,2018-09-05,PELE,NEON.MAM.D02.R2805,M,adult
SCBI,SCBI_008,deciduousForest,2018-09-05,PELE,NEON.MAM.D02.R3095,F,subadult
SCBI,SCBI_008,deciduousForest,2018-09-05,PELE,NEON.MAM.D02.810559,M,adult
SCBI,SCBI_008,deciduousForest,2018-09-05,PELE,NEON.MAM.D02.R3182,F,adult
SCBI,SCBI_008,deciduousForest,2018-09-05,PELE,NEON.MAM.D02.L3118,F,adult
SCBI,SCBI_035,pastureHay,2018-09-05,BLBR,NEON.MAM.D02.O035E520180905,U,adult
SCBI,SCBI_008,deciduousForest,2018-09-05,PELE,NEON.MAM.D02.R2697,F,adult
SCBI,SCBI_008,deciduousForest,2018-09-05,PELE,NEON.MAM.D02.R2806,F,adult
SCBI,SCBI_008,deciduousForest,2018-09-05,PELE,NEON.MAM.D02.L3200,M,adult
SCBI,SCBI_002,deciduousForest,2018-09-05,MUFR,NEON.MAM.D02.O002H220180905,M,unknown
SCBI,SCBI_008,deciduousForest,2018-09-05,PELE,NEON.MAM.D02.L3099,M,adult
SCBI,SCBI_002,deciduousForest,2018-09-05,PELE,NEON.MAM.D02.R3259,F,adult
SCBI,SCBI_002,deciduousForest,2018-09-05,PELE,NEON.MAM.D02.R3263,F,adult
SCBI,SCBI_002,deciduousForest,2018-09-05,PELE,NEON.MAM.D02.R3262,M,adult
SCBI,SCBI_008,deciduousForest,2018-09-05,PELE,NEON.MAM.D02.L3025,M,adult
SCBI,SCBI_008,deciduousForest,2018-09-05,PELE,NEON.MAM.D02.R3161,F,adult
SCBI,SCBI_035,pastureHay,2018-09-05,PELE,NEON.MAM.D02.R3219,M,adult
SCBI,SCBI_002,deciduousForest,2018-09-05,PELE,NEON.MAM.D02.R3265,F,adult
SCBI,SCBI_008,deciduousForest,2018-09-05,PELE,NEON.MAM.D02.L3076,M,adult
SCBI,SCBI_008,deciduousForest,2018-09-05,PELE,NEON.MAM.D02.L2804,M,adult
SCBI,SCBI_002,deciduousForest,2018-09-05,PELE,NEON.MAM.D02.R3257,M,adult
SCBI,SCBI_002,deciduousForest,2018-09-05,PELE,NEON.MAM.D02.L3256,M,adult
SCBI,SCBI_035,pastureHay,2018-09-05,PELE,NEON.MAM.D02.R2970,F,adult
SCBI,SCBI_035,pastureHay,2018-09-05,BLBR,NEON.MAM.D02.O035C920180905,U,adult
SCBI,SCBI_035,pastureHay,2018-09-05,BLBR,NEON.MAM.D02.O035A920180905,U,adult
SCBI,SCBI_035,pastureHay,2018-09-05,PELE,NEON.MAM.D02.O035B220180905,F,adult
SCBI,SCBI_008,deciduousForest,2018-09-05,MIPI,NEON.MAM.D02.R3112,M,adult
SCBI,SCBI_002,deciduousForest,2018-09-05,PELE,NEON.MAM.D02.R3260,M,adult
SCBI,SCBI_002,deciduousForest,2018-09-05,PELE,NEON.MAM.D02.R3264,M,adult
SCBI,SCBI_008,deciduousForest,2018-09-05,PELE,NEON.MAM.D02.R3132,F,adult
SCBI,SCBI_008,deciduousForest,2018-09-05,PELE,NEON.MAM.D02.L3175,M,adult
SCBI,SCBI_008,deciduousForest,2018-09-05,PELE,NEON.MAM.D02.R3276,M,adult
SCBI,SCBI_008,deciduousForest,2018-09-05,PELE,NEON.MAM.D02.L3097,M,adult
SCBI,SCBI_008,deciduousForest,2018-09-05,PELE,NEON.MAM.D02.R3216,F,adult
SCBI,SCBI_008,deciduousForest,2018-09-05,PELE,NEON.MAM.D02.L3136,F,adult
SCBI,SCBI_002,deciduousForest,2018-09-05,PELE,NEON.MAM.D02.R3258,M,adult
SCBI,SCBI_008,deciduousForest,2018-09-06,PELE,NEON.MAM.D02.R2806,F,adult
SCBI,SCBI_008,deciduousForest,2018-09-06,PELE,NEON.MAM.D02.R3134,F,adult
SCBI,SCBI_008,deciduousForest,2018-09-06,PELE,NEON.MAM.D02.L3096,F,adult
SCBI,SCBI_008,deciduousForest,2018-09-06,PELE,NEON.MAM.D02.L2804,M,adult
SCBI,SCBI_008,deciduousForest,2018-09-06,BLBR,NEON.MAM.D02.O008H620180906,U,adult
SCBI,SCBI_008,deciduousForest,2018-09-06,PELE,NEON.MAM.D02.810559,M,adult
SCBI,SCBI_008,deciduousForest,2018-09-06,PELE,NEON.MAM.D02.977953,M,adult
SCBI,SCBI_008,deciduousForest,2018-09-06,PELE,NEON.MAM.D02.R3141,F,adult
SCBI,SCBI_002,deciduousForest,2018-09-06,PELE,NEON.MAM.D02.R3027,F,adult
SCBI,SCBI_035,pastureHay,2018-09-06,MUMU,NEON.MAM.D02.R3277,M,subadult
SCBI,SCBI_002,deciduousForest,2018-09-06,PELE,NEON.MAM.D02.R3264,M,adult
SCBI,SCBI_002,deciduousForest,2018-09-06,PELE,NEON.MAM.D02.R3259,F,adult
SCBI,SCBI_008,deciduousForest,2018-09-06,PELE,NEON.MAM.D02.R3137,F,adult
SCBI,SCBI_035,pastureHay,2018-09-06,PELE,NEON.MAM.D02.R2974,M,adult
SCBI,SCBI_008,deciduousForest,2018-09-06,PELE,NEON.MAM.D02.L3274,M,adult
SCBI,SCBI_008,deciduousForest,2018-09-06,PELE,NEON.MAM.D02.L3208,F,adult
SCBI,SCBI_008,deciduousForest,2018-09-06,PELE,NEON.MAM.D02.L3076,M,adult
SCBI,SCBI_002,deciduousForest,2018-09-06,PELE,NEON.MAM.D02.R3257,M,adult
SCBI,SCBI_035,pastureHay,2018-09-06,BLBR,NEON.MAM.D02.O035F620180906,F,adult
SCBI,SCBI_008,deciduousForest,2018-09-06,PELE,NEON.MAM.D02.R2697,F,adult
SCBI,SCBI_008,deciduousForest,2018-09-06,PELE,NEON.MAM.D02.R3216,F,adult
SCBI,SCBI_008,deciduousForest,2018-09-06,PELE,NEON.MAM.D02.L3029,M,adult
SCBI,SCBI_002,deciduousForest,2018-09-06,PELE,NEON.MAM.D02.L3256,M,adult
SCBI,SCBI_035,pastureHay,2018-09-06,BLBR,NEON.MAM.D02.O035C920180906,F,adult
SCBI,SCBI_008,deciduousForest,2018-09-06,PELE,NEON.MAM.D02.R3182,F,adult
SCBI,SCBI_035,pastureHay,2018-09-06,PELE,NEON.MAM.D02.R2970,F,adult
SCBI,SCBI_035,pastureHay,2018-09-06,PELE,NEON.MAM.D02.R3124,M,adult
SCBI,SCBI_008,deciduousForest,2018-09-06,PELE,NEON.MAM.D02.L3136,F,adult
SCBI,SCBI_008,deciduousForest,2018-09-06,PELE,NEON.MAM.D02.R3132,F,adult
SCBI,SCBI_008,deciduousForest,2018-09-06,PELE,NEON.MAM.D02.R3276,M,adult
SCBI,SCBI_008,deciduousForest,2018-09-06,PELE,NEON.MAM.D02.L3225,M,adult
SCBI,SCBI_002,deciduousForest,2018-09-06,PELE,NEON.MAM.D02.R3028,M,adult
SCBI,SCBI_035,pastureHay,2018-09-06,PELE,NEON.MAM.D02.008581,M,adult
SCBI,SCBI_008,deciduousForest,2018-09-06,PELE,NEON.MAM.D02.L3175,M,adult
SCBI,SCBI_008,deciduousForest,2018-09-06,PELE,NEON.MAM.D02.R2945,F,adult
SCBI,SCBI_002,deciduousForest,2018-09-06,PELE,NEON.MAM.D02.R3026,M,adult
SCBI,SCBI_008,deciduousForest,2018-09-07,BLBR,NEON.MAM.D02.O008H720180907,U,adult
SCBI,SCBI_008,deciduousForest,2018-09-07,PELE,NEON.MAM.D02.R2945,F,subadult
SCBI,SCBI_008,deciduousForest,2018-09-07,PELE,NEON.MAM.D02.R2805,M,adult
SCBI,SCBI_035,pastureHay,2018-09-07,PELE,NEON.MAM.D02.R2970,F,adult
SCBI,SCBI_035,pastureHay,2018-09-07,BLBR,NEON.MAM.D02.O035J220180907,U,adult
SCBI,SCBI_035,pastureHay,2018-09-07,MUMU,NEON.MAM.D02.R3107,M,adult
SCBI,SCBI_008,deciduousForest,2018-09-07,PELE,NEON.MAM.D02.R3161,F,adult
SCBI,SCBI_008,deciduousForest,2018-09-07,MIPI,NEON.MAM.D02.R3296,F,adult
SCBI,SCBI_008,deciduousForest,2018-09-07,PELE,NEON.MAM.D02.320612,M,adult
SCBI,SCBI_008,deciduousForest,2018-09-07,PELE,NEON.MAM.D02.R3137,F,adult
SCBI,SCBI_008,deciduousForest,2018-09-07,PELE,NEON.MAM.D02.R3121,M,adult
SCBI,SCBI_008,deciduousForest,2018-09-07,PELE,NEON.MAM.D02.R3209,M,adult
SCBI,SCBI_008,deciduousForest,2018-09-07,PELE,NEON.MAM.D02.R3103,M,adult
SCBI,SCBI_008,deciduousForest,2018-09-07,PELE,NEON.MAM.D02.R3132,F,adult
SCBI,SCBI_008,deciduousForest,2018-09-07,PELE,NEON.MAM.D02.L3208,F,adult
SCBI,SCBI_008,deciduousForest,2018-09-07,PELE,NEON.MAM.D02.L3175,M,adult
SCBI,SCBI_008,deciduousForest,2018-09-07,PELE,NEON.MAM.D02.R3136,F,adult
SCBI,SCBI_002,deciduousForest,2018-09-07,PELE,NEON.MAM.D02.R3278,M,adult
SCBI,SCBI_008,deciduousForest,2018-09-07,PELE,NEON.MAM.D02.R2697,F,adult
SCBI,SCBI_035,pastureHay,2018-09-07,PELE,NEON.MAM.D02.R3124,M,adult
SCBI,SCBI_008,deciduousForest,2018-09-07,PELE,NEON.MAM.D02.L3225,M,adult
SCBI,SCBI_008,deciduousForest,2018-09-07,PELE,NEON.MAM.D02.810559,M,adult
SCBI,SCBI_002,deciduousForest,2018-09-07,PELE,NEON.MAM.D02.R3091,M,adult
SCBI,SCBI_035,pastureHay,2018-09-07,PELE,NEON.MAM.D02.R3219,M,adult
SCBI,SCBI_008,deciduousForest,2018-09-07,PELE,NEON.MAM.D02.R3141,F,adult
SCBI,SCBI_008,deciduousForest,2018-09-07,PELE,NEON.MAM.D02.L3076,M,adult
SCBI,SCBI_008,deciduousForest,2018-09-07,PELE,NEON.MAM.D02.L3047,M,subadult
SCBI,SCBI_002,deciduousForest,2018-09-07,PELE,NEON.MAM.D02.R3297,F,adult
SCBI,SCBI_002,deciduousForest,2018-09-07,PELE,NEON.MAM.D02.R3027,F,adult
SCBI,SCBI_002,deciduousForest,2018-09-07,PELE,NEON.MAM.D02.R3263,F,adult
SCBI,SCBI_002,deciduousForest,2018-09-07,PELE,NEON.MAM.D02.R3257,M,adult
SCBI,SCBI_002,deciduousForest,2018-09-07,PELE,NEON.MAM.D02.R3299,M,adult
SCBI,SCBI_008,deciduousForest,2018-09-07,PELE,NEON.MAM.D02.L3200,M,adult
SCBI,SCBI_008,deciduousForest,2018-09-07,PELE,NEON.MAM.D02.L3096,F,adult
SCBI,SCBI_008,deciduousForest,2018-09-07,PELE,NEON.MAM.D02.R3216,F,adult
SCBI,SCBI_035,pastureHay,2018-09-07,PELE,NEON.MAM.D02.R3046,F,adult
SCBI,SCBI_035,pastureHay,2018-09-07,PELE,NEON.MAM.D02.R2974,M,adult
SCBI,SCBI_002,deciduousForest,2018-09-07,PELE,NEON.MAM.D02.R3261,M,adult
SCBI,SCBI_008,deciduousForest,2018-09-07,PELE,NEON.MAM.D02.L3118,F,adult
SCBI,SCBI_008,deciduousForest,2018-09-07,PELE,NEON.MAM.D02.L3097,M,adult
SCBI,SCBI_008,deciduousForest,2018-09-07,PELE,NEON.MAM.D02.L2806,F,adult
SCBI,SCBI_002,deciduousForest,2018-09-07,PELE,NEON.MAM.D02.R3026,M,adult
SCBI,SCBI_008,deciduousForest,2018-09-07,PELE,NEON.MAM.D02.R3182,F,adult
SCBI,SCBI_008,deciduousForest,2018-09-07,PELE,NEON.MAM.D02.R3025,M,adult
SCBI,SCBI_008,deciduousForest,2018-09-07,PELE,NEON.MAM.D02.L2804,M,adult
SCBI,SCBI_004,deciduousForest,2018-09-08,PELE,NEON.MAM.D02.R3279,M,adult
SCBI,SCBI_004,deciduousForest,2018-09-08,PELE,NEON.MAM.D02.L3077,M,adult
SCBI,SCBI_004,deciduousForest,2018-09-08,PELE,NEON.MAM.D02.R3275,M,adult
SCBI,SCBI_004,deciduousForest,2018-09-08,PELE,NEON.MAM.D02.R3281,F,adult
SCBI,SCBI_004,deciduousForest,2018-09-08,PELE,NEON.MAM.D02.R3280,M,adult
SCBI,SCBI_004,deciduousForest,2018-09-08,PELE,NEON.MAM.D02.R3295,F,adult
SCBI,SCBI_004,deciduousForest,2018-09-08,PELE,NEON.MAM.D02.R3298,F,adult
SCBI,SCBI_004,deciduousForest,2018-09-08,PELE,NEON.MAM.D02.R3282,M,adult
SCBI,SCBI_008,deciduousForest,2018-10-02,PELE,NEON.MAM.D02.L3208,F,adult
SCBI,SCBI_008,deciduousForest,2018-10-02,PELE,NEON.MAM.D02.810559,M,adult
SCBI,SCBI_035,pastureHay,2018-10-02,BLBR,NEON.MAM.D02.O035G520181002,U,unknown
SCBI,SCBI_035,pastureHay,2018-10-02,MUMU,NEON.MAM.D02.R3062,M,adult
SCBI,SCBI_035,pastureHay,2018-10-02,BLBR,NEON.MAM.D02.O035A420181002,U,adult
SCBI,SCBI_008,deciduousForest,2018-10-02,TAST,NEON.MAM.D02.R3050,F,adult
SCBI,SCBI_002,deciduousForest,2018-10-02,PELE,NEON.MAM.D02.L3492,F,adult
SCBI,SCBI_008,deciduousForest,2018-10-02,PELE,NEON.MAM.D02.L3099,M,adult
SCBI,SCBI_008,deciduousForest,2018-10-02,PELE,NEON.MAM.D02.L3487,F,adult
SCBI,SCBI_008,deciduousForest,2018-10-02,PELE,NEON.MAM.D02.R3063,F,adult
SCBI,SCBI_002,deciduousForest,2018-10-02,PELE,NEON.MAM.D02.L3488,M,adult
SCBI,SCBI_035,pastureHay,2018-10-02,MUMU,NEON.MAM.D02.R3064,F,adult
SCBI,SCBI_035,pastureHay,2018-10-02,BLBR,NEON.MAM.D02.O035J1020181002,U,unknown
SCBI,SCBI_002,deciduousForest,2018-10-02,PELE,NEON.MAM.D02.L3491,M,adult
SCBI,SCBI_002,deciduousForest,2018-10-02,PELE,NEON.MAM.D02.R3490,F,adult
SCBI,SCBI_035,pastureHay,2018-10-02,MUMU,NEON.MAM.D02.R3065,U,adult
SCBI,SCBI_035,pastureHay,2018-10-02,BLBR,NEON.MAM.D02.O035D820181002,U,adult
SCBI,SCBI_035,pastureHay,2018-10-02,BLBR,NEON.MAM.D02.O035F620181002,F,adult
SCBI,SCBI_035,pastureHay,2018-10-02,BLBR,NEON.MAM.D02.O035E920181002,U,unknown
SCBI,SCBI_008,deciduousForest,2018-10-02,PELE,NEON.MAM.D02.R3075,M,adult
SCBI,SCBI_008,deciduousForest,2018-10-02,TAST,NEON.MAM.D02.R3486,F,adult
SCBI,SCBI_008,deciduousForest,2018-10-02,PELE,NEON.MAM.D02.R3134,F,adult
SCBI,SCBI_002,deciduousForest,2018-10-02,PELE,NEON.MAM.D02.R3259,F,adult
SCBI,SCBI_008,deciduousForest,2018-10-02,PELE,NEON.MAM.D02.794496,M,adult
SCBI,SCBI_035,pastureHay,2018-10-02,BLBR,NEON.MAM.D02.O035B220181002,U,unknown
SCBI,SCBI_035,pastureHay,2018-10-02,BLBR,NEON.MAM.D02.O035C720181002,U,adult
SCBI,SCBI_008,deciduousForest,2018-10-02,PELE,NEON.MAM.D02.R3000,F,adult
SCBI,SCBI_002,deciduousForest,2018-10-02,PELE,NEON.MAM.D02.L3481,M,adult
SCBI,SCBI_008,deciduousForest,2018-10-02,PELE,NEON.MAM.D02.R3216,F,adult
SCBI,SCBI_008,deciduousForest,2018-10-02,PELE,NEON.MAM.D02.R3182,F,adult
SCBI,SCBI_008,deciduousForest,2018-10-02,PELE,NEON.MAM.D02.R3141,F,adult
SCBI,SCBI_002,deciduousForest,2018-10-02,PELE,NEON.MAM.D02.R3484,F,adult
SCBI,SCBI_008,deciduousForest,2018-10-02,PELE,NEON.MAM.D02.R3276,M,adult
SCBI,SCBI_008,deciduousForest,2018-10-02,PELE,NEON.MAM.D02.L2804,M,adult
SCBI,SCBI_008,deciduousForest,2018-10-02,PELE,NEON.MAM.D02.R3209,M,adult
SCBI,SCBI_008,deciduousForest,2018-10-02,PELE,NEON.MAM.D02.R2805,M,adult
SCBI,SCBI_002,deciduousForest,2018-10-02,PELE,NEON.MAM.D02.R3297,F,adult
SCBI,SCBI_002,deciduousForest,2018-10-02,PELE,NEON.MAM.D02.L3477,M,adult
SCBI,SCBI_008,deciduousForest,2018-10-02,PELE,NEON.MAM.D02.R3479,M,adult
SCBI,SCBI_035,pastureHay,2018-10-02,PELE,NEON.MAM.D02.R3219,M,adult
SCBI,SCBI_008,deciduousForest,2018-10-02,PELE,NEON.MAM.D02.L3136,F,adult
SCBI,SCBI_002,deciduousForest,2018-10-02,PELE,NEON.MAM.D02.L3482,M,adult
SCBI,SCBI_035,pastureHay,2018-10-02,BLBR,NEON.MAM.D02.O035J520181002,U,adult
SCBI,SCBI_008,deciduousForest,2018-10-02,PELE,NEON.MAM.D02.R3132,F,adult
SCBI,SCBI_008,deciduousForest,2018-10-02,PELE,NEON.MAM.D02.320612,M,adult
SCBI,SCBI_002,deciduousForest,2018-10-02,PELE,NEON.MAM.D02.R3483,M,subadult
SCBI,SCBI_008,deciduousForest,2018-10-02,PELE,NEON.MAM.D02.L3478,M,adult
SCBI,SCBI_035,pastureHay,2018-10-02,BLBR,NEON.MAM.D02.O035F820181002,U,unknown
SCBI,SCBI_008,deciduousForest,2018-10-02,PELE,NEON.MAM.D02.R2697,F,adult
SCBI,SCBI_002,deciduousForest,2018-10-02,PELE,NEON.MAM.D02.L3480,M,adult
SCBI,SCBI_008,deciduousForest,2018-10-02,PELE,NEON.MAM.D02.L3061,M,adult
SCBI,SCBI_008,deciduousForest,2018-10-02,PELE,NEON.MAM.D02.R2806,F,adult
SCBI,SCBI_002,deciduousForest,2018-10-03,PELE,NEON.MAM.D02.L3480,M,adult
SCBI,SCBI_002,deciduousForest,2018-10-03,PELE,NEON.MAM.D02.L3488,M,adult
SCBI,SCBI_002,deciduousForest,2018-10-03,PELE,NEON.MAM.D02.R3024,F,juvenile
SCBI,SCBI_002,deciduousForest,2018-10-03,PELE,NEON.MAM.D02.R3023,M,subadult
SCBI,SCBI_008,deciduousForest,2018-10-03,PELE,NEON.MAM.D02.R3462,M,adult
SCBI,SCBI_008,deciduousForest,2018-10-03,PELE,NEON.MAM.D02.L3468,F,adult
SCBI,SCBI_008,deciduousForest,2018-10-03,PELE,NEON.MAM.D02.R3063,F,adult
SCBI,SCBI_008,deciduousForest,2018-10-03,PELE,NEON.MAM.D02.R3182,F,adult
SCBI,SCBI_008,deciduousForest,2018-10-03,PELE,NEON.MAM.D02.R3000,F,adult
SCBI,SCBI_008,deciduousForest,2018-10-03,PELE,NEON.MAM.D02.794496,M,adult
SCBI,SCBI_008,deciduousForest,2018-10-03,PELE,NEON.MAM.D02.L2804,M,adult
SCBI,SCBI_008,deciduousForest,2018-10-03,PELE,NEON.MAM.D02.R3134,F,adult
SCBI,SCBI_008,deciduousForest,2018-10-03,PELE,NEON.MAM.D02.R3216,F,adult
SCBI,SCBI_008,deciduousForest,2018-10-03,PELE,NEON.MAM.D02.810559,M,adult
SCBI,SCBI_008,deciduousForest,2018-10-03,PELE,NEON.MAM.D02.L3099,M,adult
SCBI,SCBI_008,deciduousForest,2018-10-03,PELE,NEON.MAM.D02.R2945,F,adult
SCBI,SCBI_008,deciduousForest,2018-10-03,PELE,NEON.MAM.D02.R3001,F,adult
SCBI,SCBI_008,deciduousForest,2018-10-03,TAST,NEON.MAM.D02.R3486,F,adult
SCBI,SCBI_008,deciduousForest,2018-10-03,PELE,NEON.MAM.D02.320612,M,adult
SCBI,SCBI_008,deciduousForest,2018-10-03,PELE,NEON.MAM.D02.R3141,F,adult
SCBI,SCBI_008,deciduousForest,2018-10-03,PELE,NEON.MAM.D02.R2805,M,subadult
SCBI,SCBI_008,deciduousForest,2018-10-03,PELE,NEON.MAM.D02.R3132,F,adult
SCBI,SCBI_008,deciduousForest,2018-10-03,PELE,NEON.MAM.D02.R3473,M,juvenile
SCBI,SCBI_008,deciduousForest,2018-10-03,PELE,NEON.MAM.D02.L3208,F,adult
SCBI,SCBI_008,deciduousForest,2018-10-03,PELE,NEON.MAM.D02.R3209,M,adult
SCBI,SCBI_002,deciduousForest,2018-10-03,PELE,NEON.MAM.D02.R3022,F,adult
SCBI,SCBI_008,deciduousForest,2018-10-03,PELE,NEON.MAM.D02.R3103,M,adult
SCBI,SCBI_002,deciduousForest,2018-10-03,PELE,NEON.MAM.D02.L3477,M,adult
SCBI,SCBI_008,deciduousForest,2018-10-03,PELE,NEON.MAM.D02.L3478,M,adult
SCBI,SCBI_008,deciduousForest,2018-10-03,PELE,NEON.MAM.D02.R3479,M,adult
SCBI,SCBI_008,deciduousForest,2018-10-03,PELE,NEON.MAM.D02.R2806,F,adult
SCBI,SCBI_008,deciduousForest,2018-10-03,PELE,NEON.MAM.D02.R2697,F,adult
SCBI,SCBI_008,deciduousForest,2018-10-03,PELE,NEON.MAM.D02.L3487,F,adult
SCBI,SCBI_008,deciduousForest,2018-10-03,TAST,NEON.MAM.D02.R3050,F,adult
SCBI,SCBI_008,deciduousForest,2018-10-03,PELE,NEON.MAM.D02.L3075,M,adult
SCBI,SCBI_002,deciduousForest,2018-10-03,PELE,NEON.MAM.D02.L3492,F,adult
SCBI,SCBI_008,deciduousForest,2018-10-04,MIPI,NEON.MAM.D02.R3485,M,adult
SCBI,SCBI_004,deciduousForest,2018-10-04,PELE,NEON.MAM.D02.L3017,M,adult
SCBI,SCBI_008,deciduousForest,2018-10-04,TAST,NEON.MAM.D02.R3006,F,adult
SCBI,SCBI_002,deciduousForest,2018-10-04,PELE,NEON.MAM.D02.R3024,F,juvenile
SCBI,SCBI_008,deciduousForest,2018-10-04,PELE,NEON.MAM.D02.L3075,M,adult
SCBI,SCBI_004,deciduousForest,2018-10-04,PELE,NEON.MAM.D02.L3002,M,juvenile
SCBI,SCBI_008,deciduousForest,2018-10-04,PELE,NEON.MAM.D02.320612,M,adult
SCBI,SCBI_008,deciduousForest,2018-10-04,PELE,NEON.MAM.D02.L3099,M,adult
SCBI,SCBI_008,deciduousForest,2018-10-04,PELE,NEON.MAM.D02.R2806,F,adult
SCBI,SCBI_008,deciduousForest,2018-10-04,TAST,NEON.MAM.D02.R3486,F,adult
SCBI,SCBI_002,deciduousForest,2018-10-04,PELE,NEON.MAM.D02.R3483,M,subadult
SCBI,SCBI_008,deciduousForest,2018-10-04,PELE,NEON.MAM.D02.R3063,F,adult
SCBI,SCBI_008,deciduousForest,2018-10-04,PELE,NEON.MAM.D02.L3061,M,adult
SCBI,SCBI_008,deciduousForest,2018-10-04,PELE,NEON.MAM.D02.L3459,F,adult
SCBI,SCBI_008,deciduousForest,2018-10-04,PELE,NEON.MAM.D02.R3103,M,adult
SCBI,SCBI_004,deciduousForest,2018-10-04,PELE,NEON.MAM.D02.R3005,M,adult
SCBI,SCBI_008,deciduousForest,2018-10-04,PELE,NEON.MAM.D02.R3141,F,adult
SCBI,SCBI_002,deciduousForest,2018-10-04,PELE,NEON.MAM.D02.L3480,M,adult
SCBI,SCBI_002,deciduousForest,2018-10-04,PELE,NEON.MAM.D02.L3491,M,adult
SCBI,SCBI_008,deciduousForest,2018-10-04,PELE,NEON.MAM.D02.R2945,F,adult
SCBI,SCBI_002,deciduousForest,2018-10-04,PELE,NEON.MAM.D02.L3481,M,adult
SCBI,SCBI_008,deciduousForest,2018-10-04,PELE,NEON.MAM.D02.R3462,M,adult
SCBI,SCBI_008,deciduousForest,2018-10-04,PELE,NEON.MAM.D02.L3487,F,adult
SCBI,SCBI_004,deciduousForest,2018-10-04,PELE,NEON.MAM.D02.O004D920181004,M,adult
SCBI,SCBI_008,deciduousForest,2018-10-04,PELE,NEON.MAM.D02.810559,M,adult
SCBI,SCBI_008,deciduousForest,2018-10-04,PELE,NEON.MAM.D02.R3216,F,adult
SCBI,SCBI_008,deciduousForest,2018-10-04,PELE,NEON.MAM.D02.R3182,F,adult
SCBI,SCBI_008,deciduousForest,2018-10-04,PELE,NEON.MAM.D02.794496,M,adult
SCBI,SCBI_008,deciduousForest,2018-10-04,PELE,NEON.MAM.D02.R3000,F,adult
SCBI,SCBI_002,deciduousForest,2018-10-04,PELE,NEON.MAM.D02.L3492,F,adult
SCBI,SCBI_008,deciduousForest,2018-10-04,TAST,NEON.MAM.D02.R3050,F,adult
SCBI,SCBI_008,deciduousForest,2018-10-04,PELE,NEON.MAM.D02.L2804,M,adult
SCBI,SCBI_008,deciduousForest,2018-10-04,PELE,NEON.MAM.D02.R3479,M,adult
SCBI,SCBI_008,deciduousForest,2018-10-04,PELE,NEON.MAM.D02.R3276,M,adult
SCBI,SCBI_008,deciduousForest,2018-10-04,PELE,NEON.MAM.D02.L3478,M,adult
SCBI,SCBI_002,deciduousForest,2018-10-04,PELE,NEON.MAM.D02.L3471,F,adult
SCBI,SCBI_008,deciduousForest,2018-10-04,PELE,NEON.MAM.D02.R2697,F,adult
SCBI,SCBI_003,deciduousForest,2018-10-05,PELE,NEON.MAM.D02.L3456,F,adult
SCBI,SCBI_003,deciduousForest,2018-10-05,PELE,NEON.MAM.D02.L3497,M,adult
SCBI,SCBI_003,deciduousForest,2018-10-05,PELE,NEON.MAM.D02.R3452,F,adult
SCBI,SCBI_003,deciduousForest,2018-10-05,PELE,NEON.MAM.D02.R3496,F,adult
SCBI,SCBI_003,deciduousForest,2018-10-05,PELE,NEON.MAM.D02.R3232,F,adult
SCBI,SCBI_003,deciduousForest,2018-10-05,PELE,NEON.MAM.D02.R3470,M,adult
SCBI,SCBI_003,deciduousForest,2018-10-05,PELE,NEON.MAM.D02.R2933,F,adult
SCBI,SCBI_003,deciduousForest,2018-10-05,PELE,NEON.MAM.D02.R3229,M,adult
SCBI,SCBI_003,deciduousForest,2018-10-05,PELE,NEON.MAM.D02.L3466,F,adult
SCBI,SCBI_003,deciduousForest,2018-10-05,PELE,NEON.MAM.D02.R2950,M,adult
SCBI,SCBI_003,deciduousForest,2018-10-05,PELE,NEON.MAM.D02.R3213,M,adult
SCBI,SCBI_003,deciduousForest,2018-10-05,PELE,NEON.MAM.D02.R3214,F,adult
SCBI,SCBI_003,deciduousForest,2018-10-05,PELE,NEON.MAM.D02.R3247,F,adult
SCBI,SCBI_003,deciduousForest,2018-10-05,PELE,NEON.MAM.D02.R3498,F,subadult
SCBI,SCBI_003,deciduousForest,2018-10-05,PELE,NEON.MAM.D02.L3458,M,adult
SCBI,SCBI_003,deciduousForest,2018-10-05,PELE,NEON.MAM.D02.R2938,M,adult
SCBI,SCBI_003,deciduousForest,2018-10-05,PELE,NEON.MAM.D02.L3460,M,adult
SCBI,SCBI_003,deciduousForest,2018-10-05,PELE,NEON.MAM.D02.R2934,M,adult
SCBI,SCBI_003,deciduousForest,2018-10-05,PELE,NEON.MAM.D02.R3451,F,adult
SCBI,SCBI_003,deciduousForest,2018-10-05,PELE,NEON.MAM.D02.R3465,F,adult
SCBI,SCBI_003,deciduousForest,2018-10-05,PELE,NEON.MAM.D02.R3226,F,adult
SCBI,SCBI_003,deciduousForest,2018-10-05,PELE,NEON.MAM.D02.R3461,F,adult
SCBI,SCBI_003,deciduousForest,2018-10-05,PELE,NEON.MAM.D02.R2998,M,adult
SCBI,SCBI_003,deciduousForest,2018-10-05,PELE,NEON.MAM.D02.R2688,M,adult
SCBI,SCBI_035,pastureHay,2019-03-28,MUMU,NEON.MAM.D02.R3008,F,subadult
SCBI,SCBI_008,deciduousForest,2019-03-28,PELE,NEON.MAM.D02.R3643,F,adult
SCBI,SCBI_008,deciduousForest,2019-03-28,PELE,NEON.MAM.D02.R3635,M,subadult
SCBI,SCBI_035,pastureHay,2019-03-28,MUMU,NEON.MAM.D02.R3015,M,subadult
SCBI,SCBI_016,deciduousForest,2019-03-29,PELE,NEON.MAM.D02.R3642,F,adult
SCBI,SCBI_016,deciduousForest,2019-03-29,PELE,NEON.MAM.D02.R3464,M,adult
SCBI,SCBI_016,deciduousForest,2019-03-29,PELE,NEON.MAM.D02.R3646,M,adult
SCBI,SCBI_016,deciduousForest,2019-03-29,PEMA,NEON.MAM.D02.R3636,F,adult
SCBI,SCBI_016,deciduousForest,2019-03-29,PELE,NEON.MAM.D02.R3634,M,adult
SCBI,SCBI_016,deciduousForest,2019-03-29,PELE,NEON.MAM.D02.R3647,M,adult
SCBI,SCBI_016,deciduousForest,2019-03-29,PELE,NEON.MAM.D02.R3637,F,adult
SCBI,SCBI_016,deciduousForest,2019-03-29,PELE,NEON.MAM.D02.R3641,M,adult
SCBI,SCBI_016,deciduousForest,2019-03-29,PELE,NEON.MAM.D02.R3644,F,adult
SCBI,SCBI_035,pastureHay,2019-03-29,MIPE,NEON.MAM.D02.R3506,M,adult
SCBI,SCBI_008,deciduousForest,2019-03-29,PELE,NEON.MAM.D02.R3643,F,adult
SCBI,SCBI_008,deciduousForest,2019-03-29,PELE,NEON.MAM.D02.R3521,F,subadult
SCBI,SCBI_016,deciduousForest,2019-03-29,PELE,NEON.MAM.D02.R3638,F,subadult
SCBI,SCBI_016,deciduousForest,2019-03-29,PELE,NEON.MAM.D02.R3640,F,adult
SCBI,SCBI_008,deciduousForest,2019-03-29,PELE,NEON.MAM.D02.R3520,M,adult
SCBI,SCBI_008,deciduousForest,2019-03-29,PELE,NEON.MAM.D02.L3487,F,subadult
SCBI,SCBI_035,pastureHay,2019-03-29,MUMU,NEON.MAM.D02.R3010,F,adult
SCBI,SCBI_016,deciduousForest,2019-03-29,PELE,NEON.MAM.D02.R3639,F,subadult
SCBI,SCBI_035,pastureHay,2019-03-29,MUMU,NEON.MAM.D02.R3018,M,adult
SCBI,SCBI_008,deciduousForest,2019-03-29,PELE,NEON.MAM.D02.R3141,F,subadult
SCBI,SCBI_035,pastureHay,2019-03-29,MUMU,NEON.MAM.D02.R3012,M,adult
SCBI,SCBI_003,deciduousForest,2019-03-30,PELE,NEON.MAM.D02.R3671,M,adult
SCBI,SCBI_003,deciduousForest,2019-03-30,PELE,NEON.MAM.D02.O003J420190330,U,unknown
SCBI,SCBI_003,deciduousForest,2019-03-30,PEMA,NEON.MAM.D02.R3645,F,subadult
SCBI,SCBI_003,deciduousForest,2019-03-30,PELE,NEON.MAM.D02.R3498,F,subadult
SCBI,SCBI_003,deciduousForest,2019-03-30,PELE,NEON.MAM.D02.R3247,F,adult
SCBI,SCBI_003,deciduousForest,2019-03-30,PELE,NEON.MAM.D02.R2933,F,adult
SCBI,SCBI_008,deciduousForest,2019-04-30,PELE,NEON.MAM.D02.R3673,F,adult
SCBI,SCBI_008,deciduousForest,2019-04-30,PELE,NEON.MAM.D02.R3643,M,adult
SCBI,SCBI_035,pastureHay,2019-04-30,MUMU,NEON.MAM.D02.R3528,M,adult
SCBI,SCBI_035,pastureHay,2019-04-30,MUMU,NEON.MAM.D02.L3530,F,adult
SCBI,SCBI_008,deciduousForest,2019-04-30,PELE,NEON.MAM.D02.R3681,F,subadult
SCBI,SCBI_008,deciduousForest,2019-04-30,PELE,NEON.MAM.D02.R3216,F,adult
SCBI,SCBI_002,deciduousForest,2019-04-30,PELE,NEON.MAM.D02.R3695,M,adult
SCBI,SCBI_008,deciduousForest,2019-04-30,PELE,NEON.MAM.D02.R3685,M,adult
SCBI,SCBI_035,pastureHay,2019-04-30,MIPE,NEON.MAM.D02.O035B320190430,F,adult
SCBI,SCBI_008,deciduousForest,2019-04-30,PELE,NEON.MAM.D02.R3532,M,adult
SCBI,SCBI_008,deciduousForest,2019-04-30,PELE,NEON.MAM.D02.R3141,F,adult
SCBI,SCBI_035,pastureHay,2019-04-30,MUMU,NEON.MAM.D02.R3527,M,adult
SCBI,SCBI_008,deciduousForest,2019-04-30,PELE,NEON.MAM.D02.R3520,M,adult
SCBI,SCBI_002,deciduousForest,2019-04-30,PELE,NEON.MAM.D02.R3682,M,adult
SCBI,SCBI_035,pastureHay,2019-04-30,MIPE,NEON.MAM.D02.R3525,F,adult
SCBI,SCBI_035,pastureHay,2019-04-30,MUMU,NEON.MAM.D02.R3010,F,adult
SCBI,SCBI_035,pastureHay,2019-04-30,MUMU,NEON.MAM.D02.R3526,M,adult
SCBI,SCBI_002,deciduousForest,2019-04-30,PELE,NEON.MAM.D02.R3688,F,adult
SCBI,SCBI_035,pastureHay,2019-04-30,MUMU,NEON.MAM.D02.R3529,M,adult
SCBI,SCBI_002,deciduousForest,2019-04-30,PELE,NEON.MAM.D02.R3677,F,adult
SCBI,SCBI_002,deciduousForest,2019-04-30,PELE,NEON.MAM.D02.R3694,F,adult
SCBI,SCBI_008,deciduousForest,2019-04-30,PELE,NEON.MAM.D02.L3487,F,adult
SCBI,SCBI_002,deciduousForest,2019-04-30,PELE,NEON.MAM.D02.R3691,M,adult
SCBI,SCBI_002,deciduousForest,2019-04-30,PELE,NEON.MAM.D02.L3491,M,adult
SCBI,SCBI_035,pastureHay,2019-04-30,MUMU,NEON.MAM.D02.R3531,F,adult
SCBI,SCBI_008,deciduousForest,2019-04-30,PELE,NEON.MAM.D02.L3674,M,adult
SCBI,SCBI_035,pastureHay,2019-05-01,MUMU,NEON.MAM.D02.R3010,F,adult
SCBI,SCBI_008,deciduousForest,2019-05-01,PELE,NEON.MAM.D02.L3674,M,subadult
SCBI,SCBI_008,deciduousForest,2019-05-01,PELE,NEON.MAM.D02.R3520,M,adult
SCBI,SCBI_002,deciduousForest,2019-05-01,PELE,NEON.MAM.D02.L3491,M,adult
SCBI,SCBI_008,deciduousForest,2019-05-01,PELE,NEON.MAM.D02.O008E920190501,M,adult
SCBI,SCBI_008,deciduousForest,2019-05-01,PELE,NEON.MAM.D02.R3141,F,adult
SCBI,SCBI_008,deciduousForest,2019-05-01,PELE,NEON.MAM.D02.R3673,F,adult
SCBI,SCBI_035,pastureHay,2019-05-01,MUMU,NEON.MAM.D02.R3526,M,adult
SCBI,SCBI_035,pastureHay,2019-05-01,BLBR,NEON.MAM.D02.O035A420190501,F,adult
SCBI,SCBI_008,deciduousForest,2019-05-01,PELE,NEON.MAM.D02.R3216,F,adult
SCBI,SCBI_008,deciduousForest,2019-05-01,PELE,NEON.MAM.D02.R3532,M,adult
SCBI,SCBI_035,pastureHay,2019-05-01,MUMU,NEON.MAM.D02.L3530,F,adult
SCBI,SCBI_008,deciduousForest,2019-05-01,PELE,NEON.MAM.D02.R3681,F,adult
SCBI,SCBI_008,deciduousForest,2019-05-01,PELE,NEON.MAM.D02.L3487,F,adult
SCBI,SCBI_035,pastureHay,2019-05-01,MUMU,NEON.MAM.D02.R3678,M,juvenile
SCBI,SCBI_008,deciduousForest,2019-05-01,PELE,NEON.MAM.D02.R3643,F,adult
SCBI,SCBI_002,deciduousForest,2019-05-01,PELE,NEON.MAM.D02.R3677,F,subadult
SCBI,SCBI_035,pastureHay,2019-05-02,MUMU,NEON.MAM.D02.R3683,M,juvenile
SCBI,SCBI_004,deciduousForest,2019-05-02,PELE,NEON.MAM.D02.R3523,M,adult
SCBI,SCBI_008,deciduousForest,2019-05-02,PELE,NEON.MAM.D02.R3141,F,adult
SCBI,SCBI_035,pastureHay,2019-05-02,MUMU,NEON.MAM.D02.R3531,F,adult
SCBI,SCBI_008,deciduousForest,2019-05-02,PELE,NEON.MAM.D02.R3549,M,adult
SCBI,SCBI_008,deciduousForest,2019-05-02,PELE,NEON.MAM.D02.R3548,M,adult
SCBI,SCBI_008,deciduousForest,2019-05-02,PELE,NEON.MAM.D02.R3697,M,adult
SCBI,SCBI_035,pastureHay,2019-05-02,MUMU,NEON.MAM.D02.R3679,M,juvenile
SCBI,SCBI_008,deciduousForest,2019-05-02,PELE,NEON.MAM.D02.R3643,F,adult
SCBI,SCBI_035,pastureHay,2019-05-02,PELE,NEON.MAM.D02.R3690,M,adult
SCBI,SCBI_008,deciduousForest,2019-05-02,PELE,NEON.MAM.D02.R3532,M,adult
SCBI,SCBI_008,deciduousForest,2019-05-02,PELE,NEON.MAM.D02.R3681,F,adult
SCBI,SCBI_035,pastureHay,2019-05-02,PELE,NEON.MAM.D02.R3680,F,adult
SCBI,SCBI_008,deciduousForest,2019-05-02,PELE,NEON.MAM.D02.R2945,F,adult
SCBI,SCBI_004,deciduousForest,2019-05-02,PELE,NEON.MAM.D02.L3533,M,adult
SCBI,SCBI_004,deciduousForest,2019-05-02,PELE,NEON.MAM.D02.R3517,F,adult
SCBI,SCBI_008,deciduousForest,2019-05-02,PELE,NEON.MAM.D02.R3216,F,adult
SCBI,SCBI_008,deciduousForest,2019-05-02,PELE,NEON.MAM.D02.R3520,M,adult
SCBI,SCBI_004,deciduousForest,2019-05-02,PELE,NEON.MAM.D02.R3507,M,adult
SCBI,SCBI_008,deciduousForest,2019-05-02,PELE,NEON.MAM.D02.L3487,F,adult
SCBI,SCBI_035,pastureHay,2019-05-02,MUMU,NEON.MAM.D02.R3678,M,juvenile
SCBI,SCBI_004,deciduousForest,2019-05-02,PELE,NEON.MAM.D02.R3522,M,adult
SCBI,SCBI_035,pastureHay,2019-05-02,MUMU,NEON.MAM.D02.R3010,F,adult
SCBI,SCBI_008,deciduousForest,2019-05-02,PELE,NEON.MAM.D02.R3673,F,adult
SCBI,SCBI_008,deciduousForest,2019-05-02,PELE,NEON.MAM.D02.R3685,M,adult
SCBI,SCBI_035,pastureHay,2019-05-02,BLBR,NEON.MAM.D02.O035I720190502,F,adult
SCBI,SCBI_008,deciduousForest,2019-05-02,PELE,NEON.MAM.D02.L3674,M,adult
SCBI,SCBI_016,deciduousForest,2019-05-03,PEMA,NEON.MAM.D02.R3464,M,adult
SCBI,SCBI_016,deciduousForest,2019-05-03,PELE,NEON.MAM.D02.R3536,F,adult
SCBI,SCBI_003,deciduousForest,2019-05-03,PELE,NEON.MAM.D02.R3684,M,adult
SCBI,SCBI_016,deciduousForest,2019-05-03,PELE,NEON.MAM.D02.L3539,M,adult
SCBI,SCBI_016,deciduousForest,2019-05-03,PELE,NEON.MAM.D02.R3644,F,adult
SCBI,SCBI_016,deciduousForest,2019-05-03,PELE,NEON.MAM.D02.L3538,M,adult
SCBI,SCBI_003,deciduousForest,2019-05-03,PELE,NEON.MAM.D02.R3687,F,adult
SCBI,SCBI_016,deciduousForest,2019-05-03,PELE,NEON.MAM.D02.R3634,M,adult
SCBI,SCBI_003,deciduousForest,2019-05-03,PESP,NEON.MAM.D02.O003H820190503,U,adult
SCBI,SCBI_003,deciduousForest,2019-05-03,PELE,NEON.MAM.D02.R3475,F,adult
SCBI,SCBI_003,deciduousForest,2019-05-03,PELE,NEON.MAM.D02.R3686,F,adult
SCBI,SCBI_016,deciduousForest,2019-05-03,PELE,NEON.MAM.D02.R3537,M,adult
SCBI,SCBI_016,deciduousForest,2019-05-03,PELE,NEON.MAM.D02.R3547,F,adult
SCBI,SCBI_016,deciduousForest,2019-05-03,PELE,NEON.MAM.D02.R3535,F,subadult
SCBI,SCBI_003,deciduousForest,2019-05-03,PELE,NEON.MAM.D02.R3467,M,adult
SCBI,SCBI_003,deciduousForest,2019-05-03,PELE,NEON.MAM.D02.R3247,F,adult
SCBI,SCBI_003,deciduousForest,2019-05-03,PELE,NEON.MAM.D02.R3670,M,adult
SCBI,SCBI_016,deciduousForest,2019-05-03,PELE,NEON.MAM.D02.R3641,M,adult
SCBI,SCBI_003,deciduousForest,2019-05-03,PELE,NEON.MAM.D02.R2933,F,adult
SCBI,SCBI_035,pastureHay,2019-05-29,MUMU,NEON.MAM.D02.R3620,M,juvenile
SCBI,SCBI_002,deciduousForest,2019-05-29,PELE,NEON.MAM.D02.L3557,M,adult
SCBI,SCBI_008,deciduousForest,2019-05-29,PELE,NEON.MAM.D02.R3216,F,adult
SCBI,SCBI_035,pastureHay,2019-05-29,MUMU,NEON.MAM.D02.L3530,F,subadult
SCBI,SCBI_008,deciduousForest,2019-05-29,PELE,NEON.MAM.D02.R3662,M,adult
SCBI,SCBI_002,deciduousForest,2019-05-29,PELE,NEON.MAM.D02.R3563,M,adult
SCBI,SCBI_008,deciduousForest,2019-05-29,PELE,NEON.MAM.D02.R3520,M,adult
SCBI,SCBI_035,pastureHay,2019-05-29,PELE,NEON.MAM.D02.R3450,M,adult
SCBI,SCBI_008,deciduousForest,2019-05-29,PELE,NEON.MAM.D02.R3655,M,subadult
SCBI,SCBI_035,pastureHay,2019-05-29,BLBR,NEON.MAM.D02.O035B220190529,F,adult
SCBI,SCBI_035,pastureHay,2019-05-29,PELE,NEON.MAM.D02.R3618,M,adult
SCBI,SCBI_008,deciduousForest,2019-05-29,PELE,NEON.MAM.D02.R3624,M,subadult
SCBI,SCBI_008,deciduousForest,2019-05-29,TAST,NEON.MAM.D02.R3061,M,adult
SCBI,SCBI_002,deciduousForest,2019-05-29,PELE,NEON.MAM.D02.R3542,F,juvenile
SCBI,SCBI_002,deciduousForest,2019-05-29,PELE,NEON.MAM.D02.R3553,F,subadult
SCBI,SCBI_008,deciduousForest,2019-05-29,PELE,NEON.MAM.D02.R3548,M,adult
SCBI,SCBI_002,deciduousForest,2019-05-29,PELE,NEON.MAM.D02.R3552,M,adult
SCBI,SCBI_002,deciduousForest,2019-05-29,PELE,NEON.MAM.D02.L3560,F,adult
SCBI,SCBI_002,deciduousForest,2019-05-29,PELE,NEON.MAM.D02.R3551,M,subadult
SCBI,SCBI_002,deciduousForest,2019-05-29,PELE,NEON.MAM.D02.R3562,F,adult
SCBI,SCBI_008,deciduousForest,2019-05-29,PELE,NEON.MAM.D02.R3656,M,adult
SCBI,SCBI_008,deciduousForest,2019-05-29,PELE,NEON.MAM.D02.R3651,F,adult
SCBI,SCBI_008,deciduousForest,2019-05-29,PELE,NEON.MAM.D02.R3141,F,adult
SCBI,SCBI_002,deciduousForest,2019-05-29,PELE,NEON.MAM.D02.R3554,M,subadult
SCBI,SCBI_008,deciduousForest,2019-05-29,BLBR,NEON.MAM.D02.O008C420190529,F,adult
SCBI,SCBI_002,deciduousForest,2019-05-29,PELE,NEON.MAM.D02.R3561,F,juvenile
SCBI,SCBI_035,pastureHay,2019-05-29,MUMU,NEON.MAM.D02.L3617,F,adult
SCBI,SCBI_008,deciduousForest,2019-05-29,PELE,NEON.MAM.D02.797897,M,adult
SCBI,SCBI_008,deciduousForest,2019-05-29,PELE,NEON.MAM.D02.R3668,M,subadult
SCBI,SCBI_035,pastureHay,2019-05-29,PELE,NEON.MAM.D02.L3454,M,adult
SCBI,SCBI_002,deciduousForest,2019-05-29,PELE,NEON.MAM.D02.L3491,M,adult
SCBI,SCBI_002,deciduousForest,2019-05-29,PELE,NEON.MAM.D02.R3556,F,subadult
SCBI,SCBI_035,pastureHay,2019-05-29,PELE,NEON.MAM.D02.R3689,M,subadult
SCBI,SCBI_035,pastureHay,2019-05-29,PELE,NEON.MAM.D02.R3619,F,adult
SCBI,SCBI_035,pastureHay,2019-05-29,MUMU,NEON.MAM.D02.R3529,M,adult
SCBI,SCBI_008,deciduousForest,2019-05-29,PELE,NEON.MAM.D02.R3573,M,juvenile
SCBI,SCBI_002,deciduousForest,2019-05-29,PELE,NEON.MAM.D02.R3558,M,subadult
SCBI,SCBI_035,pastureHay,2019-05-29,SYFL,NEON.MAM.D02.O035G1020190529,U,juvenile
SCBI,SCBI_002,deciduousForest,2019-05-29,PELE,NEON.MAM.D02.R3555,M,subadult
SCBI,SCBI_035,pastureHay,2019-05-29,SYFL,NEON.MAM.D02.O035F1020190529,U,juvenile
SCBI,SCBI_035,pastureHay,2019-05-29,PELE,NEON.MAM.D02.R3469,M,adult
SCBI,SCBI_035,pastureHay,2019-05-29,MUMU,NEON.MAM.D02.R3621,F,adult
SCBI,SCBI_008,deciduousForest,2019-05-29,PELE,NEON.MAM.D02.R3698,F,adult
SCBI,SCBI_002,deciduousForest,2019-05-29,PELE,NEON.MAM.D02.R3559,M,subadult
SCBI,SCBI_008,deciduousForest,2019-05-29,PELE,NEON.MAM.D02.L3654,F,adult
SCBI,SCBI_035,pastureHay,2019-05-29,MUMU,NEON.MAM.D02.R3010,F,subadult
SCBI,SCBI_008,deciduousForest,2019-05-29,PELE,NEON.MAM.D02.L3652,F,adult
SCBI,SCBI_008,deciduousForest,2019-05-29,PELE,NEON.MAM.D02.R3564,M,adult
SCBI,SCBI_008,deciduousForest,2019-05-29,PELE,NEON.MAM.D02.R3613,M,subadult
SCBI,SCBI_008,deciduousForest,2019-05-29,PELE,NEON.MAM.D02.L3664,M,adult
SCBI,SCBI_008,deciduousForest,2019-05-30,PELE,NEON.MAM.D02.R3664,M,adult
SCBI,SCBI_008,deciduousForest,2019-05-30,PELE,NEON.MAM.D02.R3548,M,adult
SCBI,SCBI_008,deciduousForest,2019-05-30,PELE,NEON.MAM.D02.R3549,M,adult
SCBI,SCBI_035,pastureHay,2019-05-30,PELE,NEON.MAM.D02.R3569,M,subadult
SCBI,SCBI_008,deciduousForest,2019-05-30,PELE,NEON.MAM.D02.R3571,M,subadult
SCBI,SCBI_035,pastureHay,2019-05-30,PELE,NEON.MAM.D02.R3566,F,subadult
SCBI,SCBI_035,pastureHay,2019-05-30,PELE,NEON.MAM.D02.R3567,F,subadult
SCBI,SCBI_008,deciduousForest,2019-05-30,PELE,NEON.MAM.D02.R3668,M,subadult
SCBI,SCBI_008,deciduousForest,2019-05-30,PELE,NEON.MAM.D02.R3141,F,adult
SCBI,SCBI_008,deciduousForest,2019-05-30,PELE,NEON.MAM.D02.L3654,F,adult
SCBI,SCBI_035,pastureHay,2019-05-30,SYFL,NEON.MAM.D02.O035F1020190530,U,unknown
SCBI,SCBI_008,deciduousForest,2019-05-30,TAST,NEON.MAM.D02.R3050,F,adult
SCBI,SCBI_008,deciduousForest,2019-05-30,PELE,NEON.MAM.D02.R3216,F,adult
SCBI,SCBI_035,pastureHay,2019-05-30,SYFL,NEON.MAM.D02.O035G520190530,U,unknown
SCBI,SCBI_008,deciduousForest,2019-05-30,TAST,NEON.MAM.D02.R3006,F,adult
SCBI,SCBI_008,deciduousForest,2019-05-30,PELE,NEON.MAM.D02.R3612,F,subadult
SCBI,SCBI_035,pastureHay,2019-05-30,SYFL,NEON.MAM.D02.O035B120190530,U,juvenile
SCBI,SCBI_008,deciduousForest,2019-05-30,PELE,NEON.MAM.D02.R3698,F,adult
SCBI,SCBI_035,pastureHay,2019-05-30,PELE,NEON.MAM.D02.R3618,M,subadult
SCBI,SCBI_008,deciduousForest,2019-05-30,PELE,NEON.MAM.D02.R3624,M,subadult
SCBI,SCBI_035,pastureHay,2019-05-30,PELE,NEON.MAM.D02.R3568,M,subadult
SCBI,SCBI_008,deciduousForest,2019-05-30,PELE,NEON.MAM.D02.L3652,F,adult
SCBI,SCBI_008,deciduousForest,2019-05-30,PELE,NEON.MAM.D02.R3667,M,subadult
SCBI,SCBI_035,pastureHay,2019-05-30,PELE,NEON.MAM.D02.R3619,F,adult
SCBI,SCBI_008,deciduousForest,2019-05-30,PELE,NEON.MAM.D02.R3656,M,adult
SCBI,SCBI_008,deciduousForest,2019-05-30,PELE,NEON.MAM.D02.R3662,M,adult
SCBI,SCBI_035,pastureHay,2019-05-30,PELE,NEON.MAM.D02.L3454,M,subadult
SCBI,SCBI_035,pastureHay,2019-05-30,PELE,NEON.MAM.D02.R3565,F,adult
SCBI,SCBI_008,deciduousForest,2019-05-30,PELE,NEON.MAM.D02.R3572,M,adult
SCBI,SCBI_008,deciduousForest,2019-05-30,PELE,NEON.MAM.D02.R3613,M,subadult
SCBI,SCBI_008,deciduousForest,2019-05-30,PELE,NEON.MAM.D02.R3651,F,subadult
SCBI,SCBI_008,deciduousForest,2019-05-30,PELE,NEON.MAM.D02.797897,M,adult
SCBI,SCBI_035,pastureHay,2019-05-30,PELE,NEON.MAM.D02.R3450,M,adult
SCBI,SCBI_008,deciduousForest,2019-05-30,PELE,NEON.MAM.D02.R3666,F,adult
SCBI,SCBI_035,pastureHay,2019-05-30,MIPE,NEON.MAM.D02.R3570,M,juvenile
SCBI,SCBI_008,deciduousForest,2019-05-30,PELE,NEON.MAM.D02.R3564,M,subadult
SCBI,SCBI_035,pastureHay,2019-05-30,PELE,NEON.MAM.D02.R3689,M,adult
SCBI,SCBI_008,deciduousForest,2019-05-30,PELE,NEON.MAM.D02.R3601,M,subadult
SCBI,SCBI_008,deciduousForest,2019-05-30,PELE,NEON.MAM.D02.R3520,M,adult
SCBI,SCBI_035,pastureHay,2019-05-31,PELE,NEON.MAM.D02.R3653,M,adult
SCBI,SCBI_008,deciduousForest,2019-05-31,TAST,NEON.MAM.D02.R3050,F,subadult
SCBI,SCBI_035,pastureHay,2019-05-31,MIPE,NEON.MAM.D02.R3602,M,subadult
SCBI,SCBI_035,pastureHay,2019-05-31,PELE,NEON.MAM.D02.L3454,M,adult
SCBI,SCBI_035,pastureHay,2019-05-31,PELE,NEON.MAM.D02.R3566,F,subadult
SCBI,SCBI_008,deciduousForest,2019-05-31,PELE,NEON.MAM.D02.R3751,M,adult
SCBI,SCBI_008,deciduousForest,2019-05-31,PELE,NEON.MAM.D02.L3654,F,adult
SCBI,SCBI_035,pastureHay,2019-05-31,MUMU,NEON.MAM.D02.R3600,M,adult
SCBI,SCBI_035,pastureHay,2019-05-31,PELE,NEON.MAM.D02.R3658,F,subadult
SCBI,SCBI_008,deciduousForest,2019-05-31,PELE,NEON.MAM.D02.L3652,F,subadult
SCBI,SCBI_004,deciduousForest,2019-05-31,PELE,NEON.MAM.D02.L3597,M,adult
SCBI,SCBI_008,deciduousForest,2019-05-31,PELE,NEON.MAM.D02.R3601,M,subadult
SCBI,SCBI_008,deciduousForest,2019-05-31,PELE,NEON.MAM.D02.R3520,M,adult
SCBI,SCBI_008,deciduousForest,2019-05-31,PELE,NEON.MAM.D02.R3668,M,subadult
SCBI,SCBI_035,pastureHay,2019-05-31,PELE,NEON.MAM.D02.R3460,M,subadult
SCBI,SCBI_035,pastureHay,2019-05-31,MIPE,NEON.MAM.D02.R3665,M,subadult
SCBI,SCBI_008,deciduousForest,2019-05-31,PELE,NEON.MAM.D02.R3216,F,adult
SCBI,SCBI_035,pastureHay,2019-05-31,SYFL,NEON.MAM.D02.O035I120190531,U,juvenile
SCBI,SCBI_008,deciduousForest,2019-05-31,PELE,NEON.MAM.D02.R3624,M,subadult
SCBI,SCBI_008,deciduousForest,2019-05-31,PELE,NEON.MAM.D02.L3664,M,adult
SCBI,SCBI_008,deciduousForest,2019-05-31,PELE,NEON.MAM.D02.R3549,M,adult
SCBI,SCBI_035,pastureHay,2019-05-31,PELE,NEON.MAM.D02.R3569,M,subadult
SCBI,SCBI_008,deciduousForest,2019-05-31,PELE,NEON.MAM.D02.R3656,M,subadult
SCBI,SCBI_035,pastureHay,2019-05-31,MIPE,NEON.MAM.D02.R3660,M,adult
SCBI,SCBI_008,deciduousForest,2019-05-31,PELE,NEON.MAM.D02.R3571,M,subadult
SCBI,SCBI_035,pastureHay,2019-05-31,PELE,NEON.MAM.D02.R3689,M,adult
SCBI,SCBI_035,pastureHay,2019-05-31,BLBR,NEON.MAM.D02.O035E820190531,F,adult
SCBI,SCBI_035,pastureHay,2019-05-31,PELE,NEON.MAM.D02.R3565,F,adult
SCBI,SCBI_008,deciduousForest,2019-05-31,PELE,NEON.MAM.D02.R3752,M,subadult
SCBI,SCBI_035,pastureHay,2019-05-31,PELE,NEON.MAM.D02.R3450,M,adult
SCBI,SCBI_008,deciduousForest,2019-05-31,PELE,NEON.MAM.D02.R3612,F,subadult
SCBI,SCBI_035,pastureHay,2019-05-31,PELE,NEON.MAM.D02.R3663,F,adult
SCBI,SCBI_008,deciduousForest,2019-05-31,PELE,NEON.MAM.D02.R3548,M,adult
SCBI,SCBI_035,pastureHay,2019-05-31,MUMU,NEON.MAM.D02.R3528,M,subadult
SCBI,SCBI_008,deciduousForest,2019-05-31,PELE,NEON.MAM.D02.R3651,F,subadult
SCBI,SCBI_004,deciduousForest,2019-05-31,PELE,NEON.MAM.D02.R3598,M,subadult
SCBI,SCBI_008,deciduousForest,2019-05-31,SRSP,NEON.MAM.D02.O008I820190531,U,adult
SCBI,SCBI_008,deciduousForest,2019-05-31,PELE,NEON.MAM.D02.R3564,M,adult
SCBI,SCBI_035,pastureHay,2019-05-31,MIPE,NEON.MAM.D02.R3657,M,adult
SCBI,SCBI_008,deciduousForest,2019-05-31,PELE,NEON.MAM.D02.797897,M,adult
SCBI,SCBI_008,deciduousForest,2019-05-31,PELE,NEON.MAM.D02.R3698,F,adult
SCBI,SCBI_008,deciduousForest,2019-05-31,PELE,NEON.MAM.D02.R3662,M,adult
SCBI,SCBI_008,deciduousForest,2019-05-31,PELE,NEON.MAM.D02.R3750,F,adult
SCBI,SCBI_008,deciduousForest,2019-05-31,PELE,NEON.MAM.D02.R3573,M,juvenile
SCBI,SCBI_008,deciduousForest,2019-05-31,PELE,NEON.MAM.D02.R3655,M,subadult
SCBI,SCBI_035,pastureHay,2019-05-31,PELE,NEON.MAM.D02.R3659,F,subadult
SCBI,SCBI_008,deciduousForest,2019-05-31,PELE,NEON.MAM.D02.R3595,M,adult
SCBI,SCBI_008,deciduousForest,2019-05-31,PELE,NEON.MAM.D02.R3141,F,adult
SCBI,SCBI_008,deciduousForest,2019-05-31,PELE,NEON.MAM.D02.R2945,F,adult
SCBI,SCBI_004,deciduousForest,2019-05-31,PELE,NEON.MAM.D02.R3596,M,subadult
SCBI,SCBI_008,deciduousForest,2019-05-31,PELE,NEON.MAM.D02.R3613,M,subadult
SCBI,SCBI_008,deciduousForest,2019-05-31,PELE,NEON.MAM.D02.R3572,M,subadult
SCBI,SCBI_035,pastureHay,2019-05-31,PELE,NEON.MAM.D02.R3619,F,adult
SCBI,SCBI_003,deciduousForest,2019-06-01,PELE,NEON.MAM.D02.R3247,F,adult
SCBI,SCBI_016,deciduousForest,2019-06-01,PELE,NEON.MAM.D02.R3472,F,juvenile
SCBI,SCBI_016,deciduousForest,2019-06-01,PELE,NEON.MAM.D02.R3634,M,adult
SCBI,SCBI_016,deciduousForest,2019-06-01,PELE,NEON.MAM.D02.O016G820190601,U,unknown
SCBI,SCBI_016,deciduousForest,2019-06-01,PELE,NEON.MAM.D02.R3499,F,subadult
SCBI,SCBI_003,deciduousForest,2019-06-01,PELE,NEON.MAM.D02.R3580,F,subadult
SCBI,SCBI_003,deciduousForest,2019-06-01,PELE,NEON.MAM.D02.R3576,M,adult
SCBI,SCBI_003,deciduousForest,2019-06-01,PELE,NEON.MAM.D02.L3578,M,adult
SCBI,SCBI_016,deciduousForest,2019-06-01,PELE,NEON.MAM.D02.R3537,M,adult
SCBI,SCBI_003,deciduousForest,2019-06-01,PELE,NEON.MAM.D02.R3575,M,subadult
SCBI,SCBI_003,deciduousForest,2019-06-01,PELE,NEON.MAM.D02.R3577,M,subadult
SCBI,SCBI_016,deciduousForest,2019-06-01,PELE,NEON.MAM.D02.R3636,F,adult
SCBI,SCBI_016,deciduousForest,2019-06-01,PELE,NEON.MAM.D02.R3723,F,subadult
SCBI,SCBI_016,deciduousForest,2019-06-01,PELE,NEON.MAM.D02.R3457,M,subadult
SCBI,SCBI_016,deciduousForest,2019-06-01,PELE,NEON.MAM.D02.R3547,F,adult
SCBI,SCBI_003,deciduousForest,2019-06-01,PELE,NEON.MAM.D02.R3579,M,adult
SCBI,SCBI_016,deciduousForest,2019-06-01,PELE,NEON.MAM.D02.R3494,F,adult
SCBI,SCBI_016,deciduousForest,2019-06-01,PELE,NEON.MAM.D02.R3724,M,adult
SCBI,SCBI_016,deciduousForest,2019-06-01,PELE,NEON.MAM.D02.L3539,M,adult
SCBI,SCBI_008,deciduousForest,2019-06-25,PELE,NEON.MAM.D02.R3308,F,subadult
SCBI,SCBI_008,deciduousForest,2019-06-25,PELE,NEON.MAM.D02.R3564,M,adult
SCBI,SCBI_008,deciduousForest,2019-06-25,BLBR,NEON.MAM.D02.O008F220190625,F,adult
SCBI,SCBI_008,deciduousForest,2019-06-25,PELE,NEON.MAM.D02.R3704,F,adult
SCBI,SCBI_035,pastureHay,2019-06-25,PELE,NEON.MAM.D02.R3565,F,adult
SCBI,SCBI_008,deciduousForest,2019-06-25,PELE,NEON.MAM.D02.L3652,F,adult
SCBI,SCBI_035,pastureHay,2019-06-25,MUMU,NEON.MAM.D02.R3303,M,adult
SCBI,SCBI_035,pastureHay,2019-06-25,MIPE,NEON.MAM.D02.R3300,M,subadult
SCBI,SCBI_008,deciduousForest,2019-06-25,PELE,NEON.MAM.D02.L3310,M,subadult
SCBI,SCBI_008,deciduousForest,2019-06-25,PELE,NEON.MAM.D02.R3651,F,subadult
SCBI,SCBI_035,pastureHay,2019-06-25,PELE,NEON.MAM.D02.L3306,F,adult
SCBI,SCBI_008,deciduousForest,2019-06-25,PELE,NEON.MAM.D02.L3726,M,adult
SCBI,SCBI_008,deciduousForest,2019-06-25,PELE,NEON.MAM.D02.L3654,F,adult
SCBI,SCBI_008,deciduousForest,2019-06-25,PELE,NEON.MAM.D02.R3595,M,adult
SCBI,SCBI_008,deciduousForest,2019-06-25,PELE,NEON.MAM.D02.R2945,F,adult
SCBI,SCBI_008,deciduousForest,2019-06-25,PELE,NEON.MAM.D02.R3709,F,adult
SCBI,SCBI_035,pastureHay,2019-06-25,MUMU,NEON.MAM.D02.R3305,M,subadult
SCBI,SCBI_035,pastureHay,2019-06-25,PELE,NEON.MAM.D02.R3540,M,adult
SCBI,SCBI_008,deciduousForest,2019-06-25,PELE,NEON.MAM.D02.R3729,M,adult
SCBI,SCBI_008,deciduousForest,2019-06-25,PELE,NEON.MAM.D02.L3705,M,adult
SCBI,SCBI_008,deciduousForest,2019-06-25,PELE,NEON.MAM.D02.R3712,M,subadult
SCBI,SCBI_008,deciduousForest,2019-06-25,PELE,NEON.MAM.D02.R3141,F,adult
SCBI,SCBI_008,deciduousForest,2019-06-25,PELE,NEON.MAM.D02.L3728,M,adult
SCBI,SCBI_008,deciduousForest,2019-06-25,PELE,NEON.MAM.D02.R3715,F,subadult
SCBI,SCBI_008,deciduousForest,2019-06-25,PELE,NEON.MAM.D02.L3711,M,subadult
SCBI,SCBI_008,deciduousForest,2019-06-25,PELE,NEON.MAM.D02.R3216,F,adult
SCBI,SCBI_035,pastureHay,2019-06-25,MUMU,NEON.MAM.D02.R3010,F,adult
SCBI,SCBI_035,pastureHay,2019-06-25,BLBR,NEON.MAM.D02.O035G620190625,F,adult
SCBI,SCBI_008,deciduousForest,2019-06-25,PELE,NEON.MAM.D02.L3714,M,adult
SCBI,SCBI_035,pastureHay,2019-06-25,PELE,NEON.MAM.D02.R3566,F,adult
SCBI,SCBI_008,deciduousForest,2019-06-25,PELE,NEON.MAM.D02.L3725,F,subadult
SCBI,SCBI_035,pastureHay,2019-06-25,MUMU,NEON.MAM.D02.R3346,M,adult
SCBI,SCBI_035,pastureHay,2019-06-25,PELE,NEON.MAM.D02.R3302,F,adult
SCBI,SCBI_035,pastureHay,2019-06-25,MUMU,NEON.MAM.D02.R3301,M,adult
SCBI,SCBI_008,deciduousForest,2019-06-25,PELE,NEON.MAM.D02.R3727,M,adult
SCBI,SCBI_008,deciduousForest,2019-06-25,PELE,NEON.MAM.D02.797897,M,adult
SCBI,SCBI_008,deciduousForest,2019-06-25,PELE,NEON.MAM.D02.R3710,M,subadult
SCBI,SCBI_008,deciduousForest,2019-06-25,PELE,NEON.MAM.D02.L3748,M,adult
SCBI,SCBI_008,deciduousForest,2019-06-25,PELE,NEON.MAM.D02.R3713,M,adult
SCBI,SCBI_008,deciduousForest,2019-06-25,PELE,NEON.MAM.D02.R3520,M,adult
SCBI,SCBI_035,pastureHay,2019-06-25,PELE,NEON.MAM.D02.R3307,F,adult
SCBI,SCBI_035,pastureHay,2019-06-25,PELE,NEON.MAM.D02.R3569,M,adult
SCBI,SCBI_008,deciduousForest,2019-06-25,PELE,NEON.MAM.D02.R3309,M,subadult
SCBI,SCBI_035,pastureHay,2019-06-25,BLBR,NEON.MAM.D02.O035A420190625,F,subadult
SCBI,SCBI_035,pastureHay,2019-06-25,PELE,NEON.MAM.D02.L3304,M,adult
SCBI,SCBI_008,deciduousForest,2019-06-25,PELE,NEON.MAM.D02.R3716,M,adult
SCBI,SCBI_008,deciduousForest,2019-06-26,PELE,NEON.MAM.D02.R3532,M,adult
SCBI,SCBI_035,pastureHay,2019-06-26,MUMU,NEON.MAM.D02.R3301,M,adult
SCBI,SCBI_008,deciduousForest,2019-06-26,PELE,NEON.MAM.D02.R3715,F,subadult
SCBI,SCBI_008,deciduousForest,2019-06-26,PELE,NEON.MAM.D02.L3652,F,adult
SCBI,SCBI_035,pastureHay,2019-06-26,PELE,NEON.MAM.D02.R3450,M,adult
SCBI,SCBI_008,deciduousForest,2019-06-26,PELE,NEON.MAM.D02.R3666,F,subadult
SCBI,SCBI_035,pastureHay,2019-06-26,MIPE,NEON.MAM.D02.R3730,M,adult
SCBI,SCBI_035,pastureHay,2019-06-26,MIPE,NEON.MAM.D02.R3731,M,subadult
SCBI,SCBI_008,deciduousForest,2019-06-26,PELE,NEON.MAM.D02.L3310,M,subadult
SCBI,SCBI_008,deciduousForest,2019-06-26,PELE,NEON.MAM.D02.R3216,F,adult
SCBI,SCBI_035,pastureHay,2019-06-26,MUMU,NEON.MAM.D02.R3303,M,adult
SCBI,SCBI_035,pastureHay,2019-06-26,PELE,NEON.MAM.D02.L3733,M,adult
SCBI,SCBI_035,pastureHay,2019-06-26,PELE,NEON.MAM.D02.R3746,F,subadult
SCBI,SCBI_008,deciduousForest,2019-06-26,PELE,NEON.MAM.D02.R3312,M,subadult
SCBI,SCBI_008,deciduousForest,2019-06-26,PELE,NEON.MAM.D02.L3728,M,subadult
SCBI,SCBI_008,deciduousForest,2019-06-26,PELE,NEON.MAM.D02.L3311,M,subadult
SCBI,SCBI_035,pastureHay,2019-06-26,PELE,NEON.MAM.D02.R3565,F,adult
SCBI,SCBI_008,deciduousForest,2019-06-26,PELE,NEON.MAM.D02.R3710,M,adult
SCBI,SCBI_035,pastureHay,2019-06-26,MUMU,NEON.MAM.D02.R3732,M,adult
SCBI,SCBI_008,deciduousForest,2019-06-26,PELE,NEON.MAM.D02.R3727,M,adult
SCBI,SCBI_008,deciduousForest,2019-06-26,PELE,NEON.MAM.D02.797897,M,adult
SCBI,SCBI_008,deciduousForest,2019-06-26,PELE,NEON.MAM.D02.L3705,M,adult
SCBI,SCBI_035,pastureHay,2019-06-26,MIPE,NEON.MAM.D02.R3747,M,subadult
SCBI,SCBI_008,deciduousForest,2019-06-26,PELE,NEON.MAM.D02.L3726,M,adult
SCBI,SCBI_008,deciduousForest,2019-06-26,PELE,NEON.MAM.D02.R3141,F,adult
SCBI,SCBI_008,deciduousForest,2019-06-26,PELE,NEON.MAM.D02.R3595,M,adult
SCBI,SCBI_008,deciduousForest,2019-06-26,PELE,NEON.MAM.D02.L3709,F,adult
SCBI,SCBI_035,pastureHay,2019-06-26,PELE,NEON.MAM.D02.R3307,F,adult
SCBI,SCBI_035,pastureHay,2019-06-26,MIPE,NEON.MAM.D02.R3300,F,subadult
SCBI,SCBI_008,deciduousForest,2019-06-26,PELE,NEON.MAM.D02.L3711,M,adult
SCBI,SCBI_008,deciduousForest,2019-06-26,PELE,NEON.MAM.D02.R3721,M,subadult
SCBI,SCBI_035,pastureHay,2019-06-26,PELE,NEON.MAM.D02.L3304,M,adult
SCBI,SCBI_035,pastureHay,2019-06-26,PELE,NEON.MAM.D02.R3302,F,subadult
SCBI,SCBI_008,deciduousForest,2019-06-26,PELE,NEON.MAM.D02.R3713,M,subadult
SCBI,SCBI_035,pastureHay,2019-06-27,PELE,NEON.MAM.D02.L3322,F,subadult
SCBI,SCBI_004,deciduousForest,2019-06-27,PELE,NEON.MAM.D02.R3598,M,subadult
SCBI,SCBI_035,pastureHay,2019-06-27,MUMU,NEON.MAM.D02.R3732,M,adult
SCBI,SCBI_035,pastureHay,2019-06-27,PELE,NEON.MAM.D02.R3569,M,adult
SCBI,SCBI_035,pastureHay,2019-06-27,PELE,NEON.MAM.D02.L3733,M,subadult
SCBI,SCBI_035,pastureHay,2019-06-27,PELE,NEON.MAM.D02.R3565,F,adult
SCBI,SCBI_004,deciduousForest,2019-06-27,PELE,NEON.MAM.D02.L3736,F,adult
SCBI,SCBI_004,deciduousForest,2019-06-27,PELE,NEON.MAM.D02.L3737,M,adult
SCBI,SCBI_004,deciduousForest,2019-06-27,PELE,NEON.MAM.D02.L3597,M,adult
SCBI,SCBI_004,deciduousForest,2019-06-27,PELE,NEON.MAM.D02.R3738,M,subadult
SCBI,SCBI_004,deciduousForest,2019-06-27,PELE,NEON.MAM.D02.R3596,M,adult
SCBI,SCBI_004,deciduousForest,2019-06-27,PELE,NEON.MAM.D02.R3734,F,adult
SCBI,SCBI_004,deciduousForest,2019-06-27,PELE,NEON.MAM.D02.R3735,M,adult
SCBI,SCBI_035,pastureHay,2019-06-27,PELE,NEON.MAM.D02.L3304,M,adult
SCBI,SCBI_035,pastureHay,2019-06-27,MIPE,NEON.MAM.D02.R3344,M,subadult
SCBI,SCBI_035,pastureHay,2019-06-27,ZAHU,NEON.MAM.D02.R3313,F,subadult
SCBI,SCBI_035,pastureHay,2019-06-27,PELE,NEON.MAM.D02.R3302,F,subadult
SCBI,SCBI_035,pastureHay,2019-06-27,BLBR,NEON.MAM.D02.O035C620190627,F,adult
SCBI,SCBI_003,deciduousForest,2019-06-28,PELE,NEON.MAM.D02.R3577,M,adult
SCBI,SCBI_003,deciduousForest,2019-06-28,PELE,NEON.MAM.D02.R3580,F,adult
SCBI,SCBI_003,deciduousForest,2019-06-28,PELE,NEON.MAM.D02.R3743,M,adult
SCBI,SCBI_016,deciduousForest,2019-06-28,PELE,NEON.MAM.D02.L3539,M,adult
SCBI,SCBI_016,deciduousForest,2019-06-28,PELE,NEON.MAM.D02.R3641,M,adult
SCBI,SCBI_003,deciduousForest,2019-06-28,PELE,NEON.MAM.D02.R3579,M,adult
SCBI,SCBI_003,deciduousForest,2019-06-28,PELE,NEON.MAM.D02.R3744,F,subadult
SCBI,SCBI_016,deciduousForest,2019-06-28,PELE,NEON.MAM.D02.R3547,F,adult
SCBI,SCBI_016,deciduousForest,2019-06-28,PELE,NEON.MAM.D02.R3642,F,adult
SCBI,SCBI_016,deciduousForest,2019-06-28,PELE,NEON.MAM.D02.R3320,M,adult
SCBI,SCBI_016,deciduousForest,2019-06-28,PELE,NEON.MAM.D02.R3537,M,adult
SCBI,SCBI_016,deciduousForest,2019-06-28,PELE,NEON.MAM.D02.R3636,F,adult
SCBI,SCBI_016,deciduousForest,2019-06-28,PELE,NEON.MAM.D02.R3314,F,adult
SCBI,SCBI_003,deciduousForest,2019-06-28,PELE,NEON.MAM.D02.R3742,M,subadult
SCBI,SCBI_016,deciduousForest,2019-06-28,PELE,NEON.MAM.D02.R3317,F,subadult
SCBI,SCBI_016,deciduousForest,2019-06-28,PELE,NEON.MAM.D02.R3472,F,subadult
SCBI,SCBI_016,deciduousForest,2019-06-28,PELE,NEON.MAM.D02.R3318,M,subadult
SCBI,SCBI_016,deciduousForest,2019-06-28,PELE,NEON.MAM.D02.R3724,M,adult
SCBI,SCBI_016,deciduousForest,2019-06-28,PELE,NEON.MAM.D02.R3321,F,subadult
SCBI,SCBI_016,deciduousForest,2019-06-28,PELE,NEON.MAM.D02.R3634,M,adult
SCBI,SCBI_016,deciduousForest,2019-06-28,PELE,NEON.MAM.D02.R3319,F,adult
SCBI,SCBI_003,deciduousForest,2019-06-28,PELE,NEON.MAM.D02.R3745,M,adult
SCBI,SCBI_035,pastureHay,2019-08-21,BLBR,NEON.MAM.D02.O035C120190821,U,adult
SCBI,SCBI_002,deciduousForest,2019-08-21,PELE,NEON.MAM.D02.L3845,M,adult
SCBI,SCBI_002,deciduousForest,2019-08-21,PELE,NEON.MAM.D02.R3831,M,adult
SCBI,SCBI_035,pastureHay,2019-08-21,BLBR,NEON.MAM.D02.O035G220190821,U,adult
SCBI,SCBI_002,deciduousForest,2019-08-21,PELE,NEON.MAM.D02.R3846,M,adult
SCBI,SCBI_035,pastureHay,2019-08-21,MUMU,NEON.MAM.D02.R4085,M,adult
SCBI,SCBI_035,pastureHay,2019-08-21,MUMU,NEON.MAM.D02.R4084,F,adult
SCBI,SCBI_002,deciduousForest,2019-08-21,PELE,NEON.MAM.D02.R3556,F,adult
SCBI,SCBI_035,pastureHay,2019-08-21,PELE,NEON.MAM.D02.R3302,F,adult
SCBI,SCBI_002,deciduousForest,2019-08-21,PELE,NEON.MAM.D02.L3560,F,adult
SCBI,SCBI_035,pastureHay,2019-08-21,BLBR,NEON.MAM.D02.O035E320190821,U,adult
SCBI,SCBI_002,deciduousForest,2019-08-21,PELE,NEON.MAM.D02.R3842,M,adult
SCBI,SCBI_002,deciduousForest,2019-08-21,PELE,NEON.MAM.D02.R3844,F,adult
SCBI,SCBI_002,deciduousForest,2019-08-21,PELE,NEON.MAM.D02.R3849,M,adult
SCBI,SCBI_002,deciduousForest,2019-08-21,PELE,NEON.MAM.D02.R3830,M,adult
SCBI,SCBI_002,deciduousForest,2019-08-22,PELE,NEON.MAM.D02.R3846,M,adult
SCBI,SCBI_002,deciduousForest,2019-08-22,PELE,NEON.MAM.D02.R3830,M,adult
SCBI,SCBI_002,deciduousForest,2019-08-22,PELE,NEON.MAM.D02.R3842,M,adult
SCBI,SCBI_002,deciduousForest,2019-08-22,PELE,NEON.MAM.D02.L3845,M,adult
SCBI,SCBI_002,deciduousForest,2019-08-22,PELE,NEON.MAM.D02.R3556,F,adult
SCBI,SCBI_002,deciduousForest,2019-08-22,PELE,NEON.MAM.D02.L3560,F,adult
SCBI,SCBI_002,deciduousForest,2019-08-22,PELE,NEON.MAM.D02.R3561,F,adult
SCBI,SCBI_002,deciduousForest,2019-08-22,PELE,NEON.MAM.D02.R3844,F,adult
SCBI,SCBI_002,deciduousForest,2019-08-22,PELE,NEON.MAM.D02.R3831,M,adult
SCBI,SCBI_002,deciduousForest,2019-08-22,BLBR,NEON.MAM.D02.O002C720190822,U,adult
SCBI,SCBI_008,deciduousForest,2019-08-22,PELE,NEON.MAM.D02.R2945,F,adult
SCBI,SCBI_008,deciduousForest,2019-08-22,PELE,NEON.MAM.D02.L3797,M,adult
SCBI,SCBI_008,deciduousForest,2019-08-22,PELE,NEON.MAM.D02.L4093,M,adult
SCBI,SCBI_008,deciduousForest,2019-08-22,PELE,NEON.MAM.D02.R3651,F,adult
SCBI,SCBI_008,deciduousForest,2019-08-22,PELE,NEON.MAM.D02.R4089,M,adult
SCBI,SCBI_008,deciduousForest,2019-08-22,PELE,NEON.MAM.D02.R4166,M,adult
SCBI,SCBI_008,deciduousForest,2019-08-22,PELE,NEON.MAM.D02.R4088,F,adult
SCBI,SCBI_008,deciduousForest,2019-08-22,PELE,NEON.MAM.D02.R4168,M,subadult
SCBI,SCBI_008,deciduousForest,2019-08-22,PELE,NEON.MAM.D02.L3311,M,adult
SCBI,SCBI_008,deciduousForest,2019-08-22,PELE,NEON.MAM.D02.L4086,F,adult
SCBI,SCBI_035,pastureHay,2019-08-22,MUMU,NEON.MAM.D02.R4165,M,adult
SCBI,SCBI_008,deciduousForest,2019-08-22,PELE,NEON.MAM.D02.L4087,M,subadult
SCBI,SCBI_008,deciduousForest,2019-08-22,PELE,NEON.MAM.D02.L3833,M,adult
SCBI,SCBI_008,deciduousForest,2019-08-22,PELE,NEON.MAM.D02.L3654,F,adult
SCBI,SCBI_035,pastureHay,2019-08-22,BLBR,NEON.MAM.D02.O035E720190822,F,adult
SCBI,SCBI_008,deciduousForest,2019-08-22,PELE,NEON.MAM.D02.L4092,M,adult
SCBI,SCBI_008,deciduousForest,2019-08-22,PELE,NEON.MAM.D02.R3835,M,adult
SCBI,SCBI_035,pastureHay,2019-08-22,MIPE,NEON.MAM.D02.R3848,F,adult
SCBI,SCBI_008,deciduousForest,2019-08-22,PELE,NEON.MAM.D02.L3847,F,adult
SCBI,SCBI_008,deciduousForest,2019-08-22,PELE,NEON.MAM.D02.R3312,M,adult
SCBI,SCBI_008,deciduousForest,2019-08-22,PELE,NEON.MAM.D02.L4091,M,adult
SCBI,SCBI_035,pastureHay,2019-08-22,PELE,NEON.MAM.D02.R3569,M,adult
SCBI,SCBI_008,deciduousForest,2019-08-22,PELE,NEON.MAM.D02.797897,M,adult
SCBI,SCBI_008,deciduousForest,2019-08-22,PELE,NEON.MAM.D02.R4169,M,adult
SCBI,SCBI_008,deciduousForest,2019-08-22,PELE,NEON.MAM.D02.326946,M,adult
SCBI,SCBI_008,deciduousForest,2019-08-22,PELE,NEON.MAM.D02.R3564,M,adult
SCBI,SCBI_008,deciduousForest,2019-08-22,PELE,NEON.MAM.D02.L4090,F,adult
SCBI,SCBI_035,pastureHay,2019-08-22,PELE,NEON.MAM.D02.R3302,F,adult
SCBI,SCBI_008,deciduousForest,2019-08-22,PELE,NEON.MAM.D02.R4167,F,adult
SCBI,SCBI_008,deciduousForest,2019-08-22,PELE,NEON.MAM.D02.R3520,M,adult
SCBI,SCBI_008,deciduousForest,2019-08-22,BLBR,NEON.MAM.D02.O008D420190822,F,adult
SCBI,SCBI_008,deciduousForest,2019-08-22,PELE,NEON.MAM.D02.R3216,F,adult
SCBI,SCBI_008,deciduousForest,2019-08-22,PELE,NEON.MAM.D02.L3652,F,adult
SCBI,SCBI_008,deciduousForest,2019-08-22,PELE,NEON.MAM.D02.L3825,F,adult
SCBI,SCBI_008,deciduousForest,2019-08-23,PELE,NEON.MAM.D02.R4168,F,subadult
SCBI,SCBI_002,deciduousForest,2019-08-23,BLBR,NEON.MAM.D02.O002A820190823,U,unknown
SCBI,SCBI_002,deciduousForest,2019-08-23,PELE,NEON.MAM.D02.R3830,M,adult
SCBI,SCBI_035,pastureHay,2019-08-23,BLBR,NEON.MAM.D02.O035B420190823,U,adult
SCBI,SCBI_008,deciduousForest,2019-08-23,PELE,NEON.MAM.D02.R4167,F,adult
SCBI,SCBI_008,deciduousForest,2019-08-23,PELE,NEON.MAM.D02.L4087,M,subadult
SCBI,SCBI_008,deciduousForest,2019-08-23,PELE,NEON.MAM.D02.O008E920190823,U,unknown
SCBI,SCBI_008,deciduousForest,2019-08-23,PELE,NEON.MAM.D02.O008J420190823,U,unknown
SCBI,SCBI_008,deciduousForest,2019-08-23,PELE,NEON.MAM.D02.L3847,F,adult
SCBI,SCBI_035,pastureHay,2019-08-23,BLBR,NEON.MAM.D02.O035F220190823,U,adult
SCBI,SCBI_008,deciduousForest,2019-08-23,PELE,NEON.MAM.D02.R4163,M,adult
SCBI,SCBI_008,deciduousForest,2019-08-23,PELE,NEON.MAM.D02.L3833,M,adult
SCBI,SCBI_008,deciduousForest,2019-08-23,PELE,NEON.MAM.D02.L4049,M,adult
SCBI,SCBI_002,deciduousForest,2019-08-23,PELE,NEON.MAM.D02.R3556,F,adult
SCBI,SCBI_008,deciduousForest,2019-08-23,PELE,NEON.MAM.D02.R4169,M,adult
SCBI,SCBI_008,deciduousForest,2019-08-23,PELE,NEON.MAM.D02.L4086,F,adult
SCBI,SCBI_035,pastureHay,2019-08-23,MUMU,NEON.MAM.D02.R4084,F,adult
SCBI,SCBI_008,deciduousForest,2019-08-23,PELE,NEON.MAM.D02.R3216,F,adult
SCBI,SCBI_008,deciduousForest,2019-08-23,PELE,NEON.MAM.D02.L3652,F,adult
SCBI,SCBI_008,deciduousForest,2019-08-23,PELE,NEON.MAM.D02.R3312,M,adult
SCBI,SCBI_035,pastureHay,2019-08-23,BLBR,NEON.MAM.D02.O035D920190823,F,adult
SCBI,SCBI_035,pastureHay,2019-08-23,PELE,NEON.MAM.D02.R3302,F,adult
SCBI,SCBI_008,deciduousForest,2019-08-23,PELE,NEON.MAM.D02.L4091,M,adult
SCBI,SCBI_002,deciduousForest,2019-08-23,PELE,NEON.MAM.D02.R3842,M,adult
SCBI,SCBI_008,deciduousForest,2019-08-23,PELE,NEON.MAM.D02.R4166,M,adult
SCBI,SCBI_002,deciduousForest,2019-08-23,PELE,NEON.MAM.D02.R3846,M,adult
SCBI,SCBI_008,deciduousForest,2019-08-23,PELE,NEON.MAM.D02.L3654,F,adult
SCBI,SCBI_008,deciduousForest,2019-08-23,PELE,NEON.MAM.D02.R4028,M,juvenile
SCBI,SCBI_035,pastureHay,2019-08-23,ZAHU,NEON.MAM.D02.R4026,M,adult
SCBI,SCBI_002,deciduousForest,2019-08-23,PELE,NEON.MAM.D02.R3849,M,adult
SCBI,SCBI_008,deciduousForest,2019-08-23,PELE,NEON.MAM.D02.L4093,M,adult
SCBI,SCBI_008,deciduousForest,2019-08-23,PELE,NEON.MAM.D02.R4161,M,adult
SCBI,SCBI_008,deciduousForest,2019-08-23,PELE,NEON.MAM.D02.O008J1020190823,U,unknown
SCBI,SCBI_008,deciduousForest,2019-08-23,PELE,NEON.MAM.D02.326946,M,adult
SCBI,SCBI_008,deciduousForest,2019-08-23,PELE,NEON.MAM.D02.R3651,F,adult
SCBI,SCBI_008,deciduousForest,2019-08-23,PELE,NEON.MAM.D02.O008J820190823,U,unknown
SCBI,SCBI_008,deciduousForest,2019-08-23,PELE,NEON.MAM.D02.L3797,M,adult
SCBI,SCBI_008,deciduousForest,2019-08-23,PELE,NEON.MAM.D02.R3564,M,adult
SCBI,SCBI_002,deciduousForest,2019-08-23,PELE,NEON.MAM.D02.R3844,F,adult
SCBI,SCBI_008,deciduousForest,2019-08-23,PELE,NEON.MAM.D02.R3825,F,adult
SCBI,SCBI_008,deciduousForest,2019-08-23,PELE,NEON.MAM.D02.O008J920190823,U,unknown
SCBI,SCBI_002,deciduousForest,2019-08-23,PELE,NEON.MAM.D02.R3845,M,adult
SCBI,SCBI_002,deciduousForest,2019-08-23,PELE,NEON.MAM.D02.R3831,M,adult
SCBI,SCBI_008,deciduousForest,2019-08-23,BLBR,NEON.MAM.D02.O008G220190823,F,adult
SCBI,SCBI_008,deciduousForest,2019-08-23,TAST,NEON.MAM.D02.R3050,F,adult
SCBI,SCBI_008,deciduousForest,2019-08-23,PELE,NEON.MAM.D02.O008D220190823,U,unknown
SCBI,SCBI_035,pastureHay,2019-08-23,MUMU,NEON.MAM.D02.R4027,U,subadult
SCBI,SCBI_002,deciduousForest,2019-08-23,PELE,NEON.MAM.D02.L3560,F,adult
SCBI,SCBI_008,deciduousForest,2019-08-23,PELE,NEON.MAM.D02.L3311,M,adult
SCBI,SCBI_003,deciduousForest,2019-08-24,PELE,NEON.MAM.D02.R3839,F,adult
SCBI,SCBI_004,deciduousForest,2019-08-24,PELE,NEON.MAM.D02.R4398,M,adult
SCBI,SCBI_016,deciduousForest,2019-08-24,PELE,NEON.MAM.D02.R4382,M,adult
SCBI,SCBI_016,deciduousForest,2019-08-24,PELE,NEON.MAM.D02.R3636,F,adult
SCBI,SCBI_003,deciduousForest,2019-08-24,PELE,NEON.MAM.D02.R3575,M,adult
SCBI,SCBI_004,deciduousForest,2019-08-24,PELE,NEON.MAM.D02.L4397,M,adult
SCBI,SCBI_016,deciduousForest,2019-08-24,PELE,NEON.MAM.D02.R3537,M,adult
SCBI,SCBI_004,deciduousForest,2019-08-24,PELE,NEON.MAM.D02.R4376,F,adult
SCBI,SCBI_003,deciduousForest,2019-08-24,PELE,NEON.MAM.D02.L3578,M,adult
SCBI,SCBI_003,deciduousForest,2019-08-24,PELE,NEON.MAM.D02.R3580,F,adult
SCBI,SCBI_004,deciduousForest,2019-08-24,PELE,NEON.MAM.D02.R3734,F,unknown
SCBI,SCBI_016,deciduousForest,2019-08-24,PELE,NEON.MAM.D02.R4396,M,adult
SCBI,SCBI_004,deciduousForest,2019-08-24,PELE,NEON.MAM.D02.R4377,M,adult
SCBI,SCBI_003,deciduousForest,2019-08-24,PELE,NEON.MAM.D02.R3826,F,adult
SCBI,SCBI_016,deciduousForest,2019-08-24,PELE,NEON.MAM.D02.R4380,F,adult
SCBI,SCBI_016,deciduousForest,2019-08-24,PELE,NEON.MAM.D02.R3634,M,adult
SCBI,SCBI_016,deciduousForest,2019-08-24,PELE,NEON.MAM.D02.R3547,F,adult
SCBI,SCBI_016,deciduousForest,2019-08-24,PELE,NEON.MAM.D02.R4381,F,adult
SCBI,SCBI_003,deciduousForest,2019-08-24,PELE,NEON.MAM.D02.R3843,F,subadult
SCBI,SCBI_016,deciduousForest,2019-08-24,PELE,NEON.MAM.D02.L4379,F,adult
SCBI,SCBI_004,deciduousForest,2019-08-24,PELE,NEON.MAM.D02.R3596,M,adult
SCBI,SCBI_004,deciduousForest,2019-08-24,TAST,NEON.MAM.D02.R4399,M,adult
SCBI,SCBI_004,deciduousForest,2019-08-24,PELE,NEON.MAM.D02.R4378,F,adult
SCBI,SCBI_004,deciduousForest,2019-08-24,PELE,NEON.MAM.D02.R4375,M,adult
SCBI,SCBI_003,deciduousForest,2019-08-24,PELE,NEON.MAM.D02.R3742,M,adult
SCBI,SCBI_002,deciduousForest,2019-09-24,PELE,NEON.MAM.D02.R4250,F,adult
SCBI,SCBI_008,deciduousForest,2019-09-24,PELE,NEON.MAM.D02.797897,M,adult
SCBI,SCBI_035,pastureHay,2019-09-24,BLBR,NEON.MAM.D02.O035D420190924,U,adult
SCBI,SCBI_008,deciduousForest,2019-09-24,PELE,NEON.MAM.D02.R4088,F,adult
SCBI,SCBI_008,deciduousForest,2019-09-24,PELE,NEON.MAM.D02.L4200,M,adult
SCBI,SCBI_008,deciduousForest,2019-09-24,PELE,NEON.MAM.D02.R3835,M,adult
SCBI,SCBI_008,deciduousForest,2019-09-24,PELE,NEON.MAM.D02.L3847,F,adult
SCBI,SCBI_008,deciduousForest,2019-09-24,PELE,NEON.MAM.D02.R2945,F,adult
SCBI,SCBI_035,pastureHay,2019-09-24,MIPE,NEON.MAM.D02.R3926,F,subadult
SCBI,SCBI_002,deciduousForest,2019-09-24,PELE,NEON.MAM.D02.R3840,M,subadult
SCBI,SCBI_008,deciduousForest,2019-09-24,PELE,NEON.MAM.D02.L4154,F,adult
SCBI,SCBI_002,deciduousForest,2019-09-24,PELE,NEON.MAM.D02.L3560,F,adult
SCBI,SCBI_008,deciduousForest,2019-09-24,PELE,NEON.MAM.D02.320966,F,adult
SCBI,SCBI_035,pastureHay,2019-09-24,BLBR,NEON.MAM.D02.O035D820190924,F,adult
SCBI,SCBI_035,pastureHay,2019-09-24,MUMU,NEON.MAM.D02.R3929,F,adult
SCBI,SCBI_008,deciduousForest,2019-09-24,PELE,NEON.MAM.D02.L3829,M,adult
SCBI,SCBI_035,pastureHay,2019-09-24,BLBR,NEON.MAM.D02.O035C120190924,U,adult
SCBI,SCBI_002,deciduousForest,2019-09-24,PELE,NEON.MAM.D02.R3556,F,adult
SCBI,SCBI_035,pastureHay,2019-09-24,MUMU,NEON.MAM.D02.R3928,F,subadult
SCBI,SCBI_008,deciduousForest,2019-09-24,PELE,NEON.MAM.D02.R3216,F,adult
SCBI,SCBI_008,deciduousForest,2019-09-24,BLBR,NEON.MAM.D02.O008C820190924,F,adult
SCBI,SCBI_008,deciduousForest,2019-09-24,PELE,NEON.MAM.D02.835571,M,adult
SCBI,SCBI_008,deciduousForest,2019-09-24,PELE,NEON.MAM.D02.L3909,M,adult
SCBI,SCBI_002,deciduousForest,2019-09-24,PELE,NEON.MAM.D02.R3846,M,adult
SCBI,SCBI_008,deciduousForest,2019-09-24,PELE,NEON.MAM.D02.R3564,M,adult
SCBI,SCBI_008,deciduousForest,2019-09-24,TAST,NEON.MAM.D02.R3050,F,adult
SCBI,SCBI_035,pastureHay,2019-09-24,MUMU,NEON.MAM.D02.R3927,F,adult
SCBI,SCBI_035,pastureHay,2019-09-24,MIPE,NEON.MAM.D02.L3931,F,adult
SCBI,SCBI_002,deciduousForest,2019-09-24,PELE,NEON.MAM.D02.L3845,M,adult
SCBI,SCBI_035,pastureHay,2019-09-24,BLBR,NEON.MAM.D02.O035A820190924,U,adult
SCBI,SCBI_002,deciduousForest,2019-09-24,PELE,NEON.MAM.D02.R3830,M,adult
SCBI,SCBI_035,pastureHay,2019-09-24,MUMU,NEON.MAM.D02.R3925,M,subadult
SCBI,SCBI_035,pastureHay,2019-09-24,BLBR,NEON.MAM.D02.O035B620190924,U,adult
SCBI,SCBI_008,deciduousForest,2019-09-24,BLBR,NEON.MAM.D02.O008H720190924,U,adult
SCBI,SCBI_008,deciduousForest,2019-09-24,PELE,NEON.MAM.D02.R4251,M,adult
SCBI,SCBI_035,pastureHay,2019-09-24,BLBR,NEON.MAM.D02.O035A420190924,U,adult
SCBI,SCBI_008,deciduousForest,2019-09-24,PELE,NEON.MAM.D02.R3651,F,adult
SCBI,SCBI_035,pastureHay,2019-09-24,BLBR,NEON.MAM.D02.O035B420190924,U,adult
SCBI,SCBI_035,pastureHay,2019-09-24,MUMU,NEON.MAM.D02.R3930,F,adult
SCBI,SCBI_008,deciduousForest,2019-09-24,PELE,NEON.MAM.D02.L3652,F,adult
SCBI,SCBI_008,deciduousForest,2019-09-24,PELE,NEON.MAM.D02.R3003,F,adult
SCBI,SCBI_035,pastureHay,2019-09-25,BLBR,NEON.MAM.D02.O035G120190925,U,adult
SCBI,SCBI_008,deciduousForest,2019-09-25,SOCI,NEON.MAM.D02.O008H220190925,U,adult
SCBI,SCBI_008,deciduousForest,2019-09-25,PELE,NEON.MAM.D02.835571,M,adult
SCBI,SCBI_008,deciduousForest,2019-09-25,PELE,NEON.MAM.D02.R3651,F,adult
SCBI,SCBI_008,deciduousForest,2019-09-25,PELE,NEON.MAM.D02.R4202,M,adult
SCBI,SCBI_035,pastureHay,2019-09-25,MUMU,NEON.MAM.D02.R3928,F,subadult
SCBI,SCBI_002,deciduousForest,2019-09-25,PELE,NEON.MAM.D02.R3846,M,adult
SCBI,SCBI_008,deciduousForest,2019-09-25,BLBR,NEON.MAM.D02.O008C520190925,U,adult
SCBI,SCBI_008,deciduousForest,2019-09-25,PELE,NEON.MAM.D02.R3216,F,adult
SCBI,SCBI_008,deciduousForest,2019-09-25,PELE,NEON.MAM.D02.R2945,F,adult
SCBI,SCBI_035,pastureHay,2019-09-25,MUMU,NEON.MAM.D02.R4254,M,adult
SCBI,SCBI_008,deciduousForest,2019-09-25,PELE,NEON.MAM.D02.R4251,M,adult
SCBI,SCBI_035,pastureHay,2019-09-25,BLBR,NEON.MAM.D02.O035A1020190925,U,adult
SCBI,SCBI_008,deciduousForest,2019-09-25,PELE,NEON.MAM.D02.799739,M,adult
SCBI,SCBI_008,deciduousForest,2019-09-25,PELE,NEON.MAM.D02.797897,M,adult
SCBI,SCBI_008,deciduousForest,2019-09-25,PELE,NEON.MAM.D02.L3652,F,adult
SCBI,SCBI_008,deciduousForest,2019-09-25,PELE,NEON.MAM.D02.L3847,F,adult
SCBI,SCBI_008,deciduousForest,2019-09-25,PELE,NEON.MAM.D02.R3003,F,adult
SCBI,SCBI_008,deciduousForest,2019-09-25,PELE,NEON.MAM.D02.L3932,M,adult
SCBI,SCBI_008,deciduousForest,2019-09-25,PELE,NEON.MAM.D02.L4200,M,adult
SCBI,SCBI_008,deciduousForest,2019-09-25,PELE,NEON.MAM.D02.R3564,M,adult
SCBI,SCBI_008,deciduousForest,2019-09-25,PELE,NEON.MAM.D02.L4154,F,adult
SCBI,SCBI_002,deciduousForest,2019-09-25,PELE,NEON.MAM.D02.R4250,F,adult
SCBI,SCBI_008,deciduousForest,2019-09-25,PELE,NEON.MAM.D02.L4203,M,adult
SCBI,SCBI_008,deciduousForest,2019-09-25,PELE,NEON.MAM.D02.L4092,M,adult
SCBI,SCBI_002,deciduousForest,2019-09-25,PELE,NEON.MAM.D02.R3556,F,adult
SCBI,SCBI_002,deciduousForest,2019-09-25,PELE,NEON.MAM.D02.R3840,M,subadult
SCBI,SCBI_035,pastureHay,2019-09-25,MIPE,NEON.MAM.D02.R4253,F,adult
SCBI,SCBI_008,deciduousForest,2019-09-25,PELE,NEON.MAM.D02.320966,F,adult
SCBI,SCBI_008,deciduousForest,2019-09-25,PELE,NEON.MAM.D02.R3825,F,adult
SCBI,SCBI_008,deciduousForest,2019-09-25,PELE,NEON.MAM.D02.R3716,M,adult
SCBI,SCBI_002,deciduousForest,2019-09-25,PELE,NEON.MAM.D02.R3842,M,adult
SCBI,SCBI_008,deciduousForest,2019-09-25,PELE,NEON.MAM.D02.L3909,M,adult
SCBI,SCBI_002,deciduousForest,2019-09-26,PELE,NEON.MAM.D02.R4224,M,adult
SCBI,SCBI_008,deciduousForest,2019-09-26,PELE,NEON.MAM.D02.320966,F,adult
SCBI,SCBI_008,deciduousForest,2019-09-26,PELE,NEON.MAM.D02.L4092,M,adult
SCBI,SCBI_008,deciduousForest,2019-09-26,PELE,NEON.MAM.D02.L3652,F,adult
SCBI,SCBI_008,deciduousForest,2019-09-26,PELE,NEON.MAM.D02.O008D1020190926,U,adult
SCBI,SCBI_008,deciduousForest,2019-09-26,PELE,NEON.MAM.D02.R3651,F,adult
SCBI,SCBI_035,pastureHay,2019-09-26,MUMU,NEON.MAM.D02.R3930,F,adult
SCBI,SCBI_035,pastureHay,2019-09-26,PELE,NEON.MAM.D02.L3371,F,subadult
SCBI,SCBI_035,pastureHay,2019-09-26,MIPE,NEON.MAM.D02.R3926,F,adult
SCBI,SCBI_008,deciduousForest,2019-09-26,PELE,NEON.MAM.D02.L3932,M,adult
SCBI,SCBI_008,deciduousForest,2019-09-26,PELE,NEON.MAM.D02.797897,M,adult
SCBI,SCBI_008,deciduousForest,2019-09-26,PELE,NEON.MAM.D02.R3825,F,adult
SCBI,SCBI_035,pastureHay,2019-09-26,BLBR,NEON.MAM.D02.O035F1020190926,M,adult
SCBI,SCBI_008,deciduousForest,2019-09-26,PELE,NEON.MAM.D02.L4154,F,adult
SCBI,SCBI_002,deciduousForest,2019-09-26,PELE,NEON.MAM.D02.R3840,M,adult
SCBI,SCBI_008,deciduousForest,2019-09-26,BLBR,NEON.MAM.D02.O008G220190926,U,adult
SCBI,SCBI_002,deciduousForest,2019-09-26,PELE,NEON.MAM.D02.R3556,F,adult
SCBI,SCBI_008,deciduousForest,2019-09-26,PELE,NEON.MAM.D02.R4204,F,subadult
SCBI,SCBI_008,deciduousForest,2019-09-26,PELE,NEON.MAM.D02.L3829,M,adult
SCBI,SCBI_008,deciduousForest,2019-09-26,PELE,NEON.MAM.D02.L3909,M,adult
SCBI,SCBI_008,deciduousForest,2019-09-26,PELE,NEON.MAM.D02.R2945,F,adult
SCBI,SCBI_002,deciduousForest,2019-09-26,PELE,NEON.MAM.D02.L3845,M,adult
SCBI,SCBI_008,deciduousForest,2019-09-26,PELE,NEON.MAM.D02.L4200,M,adult
SCBI,SCBI_035,pastureHay,2019-09-26,MUMU,NEON.MAM.D02.R3925,F,subadult
SCBI,SCBI_008,deciduousForest,2019-09-26,PELE,NEON.MAM.D02.R4251,M,adult
SCBI,SCBI_035,pastureHay,2019-09-26,BLBR,NEON.MAM.D02.O035D420190926,U,adult
SCBI,SCBI_008,deciduousForest,2019-09-26,PELE,NEON.MAM.D02.835571,M,adult
SCBI,SCBI_008,deciduousForest,2019-09-26,PELE,NEON.MAM.D02.R3126,F,adult
SCBI,SCBI_035,pastureHay,2019-09-26,MIPE,NEON.MAM.D02.L3940,F,adult
SCBI,SCBI_002,deciduousForest,2019-09-26,PELE,NEON.MAM.D02.R4250,F,subadult
SCBI,SCBI_002,deciduousForest,2019-09-26,PELE,NEON.MAM.D02.R3842,M,adult
SCBI,SCBI_004,deciduousForest,2019-09-27,PELE,NEON.MAM.D02.R3596,M,adult
SCBI,SCBI_004,deciduousForest,2019-09-27,BLBR,NEON.MAM.D02.O004I520190927,U,unknown
SCBI,SCBI_003,deciduousForest,2019-09-27,BLBR,NEON.MAM.D02.O003C520190927,U,adult
SCBI,SCBI_003,deciduousForest,2019-09-27,PELE,NEON.MAM.D02.R3843,F,adult
SCBI,SCBI_016,deciduousForest,2019-09-27,PELE,NEON.MAM.D02.R3634,M,adult
SCBI,SCBI_004,deciduousForest,2019-09-27,BLBR,NEON.MAM.D02.O004J920190927,U,unknown
SCBI,SCBI_004,deciduousForest,2019-09-27,PELE,NEON.MAM.D02.R3954,M,adult
SCBI,SCBI_016,deciduousForest,2019-09-27,PELE,NEON.MAM.D02.R3944,M,adult
SCBI,SCBI_016,deciduousForest,2019-09-27,PELE,NEON.MAM.D02.R3537,F,adult
SCBI,SCBI_004,deciduousForest,2019-09-27,BLBR,NEON.MAM.D02.O004J1020190927,U,adult
SCBI,SCBI_003,deciduousForest,2019-09-27,PELE,NEON.MAM.D02.R3745,M,adult
SCBI,SCBI_004,deciduousForest,2019-09-27,BLBR,NEON.MAM.D02.O004C820190927,F,unknown
SCBI,SCBI_004,deciduousForest,2019-09-27,PELE,NEON.MAM.D02.R3948,M,adult
SCBI,SCBI_003,deciduousForest,2019-09-27,PELE,NEON.MAM.D02.R3839,F,adult
SCBI,SCBI_004,deciduousForest,2019-09-27,PELE,NEON.MAM.D02.R3938,F,adult
SCBI,SCBI_003,deciduousForest,2019-09-27,PELE,NEON.MAM.D02.R3580,F,adult
SCBI,SCBI_016,deciduousForest,2019-09-27,PELE,NEON.MAM.D02.R3547,F,adult
SCBI,SCBI_016,deciduousForest,2019-09-27,PELE,NEON.MAM.D02.R3953,F,adult
SCBI,SCBI_004,deciduousForest,2019-09-27,PELE,NEON.MAM.D02.L4397,M,adult
SCBI,SCBI_016,deciduousForest,2019-09-27,PELE,NEON.MAM.D02.R3942,M,adult
SCBI,SCBI_016,deciduousForest,2019-09-27,PELE,NEON.MAM.D02.R3956,M,subadult
SCBI,SCBI_016,deciduousForest,2019-09-27,BLBR,NEON.MAM.D02.O016G920190927,U,adult
SCBI,SCBI_003,deciduousForest,2019-09-27,PELE,NEON.MAM.D02.R3575,M,adult
SCBI,SCBI_016,deciduousForest,2019-09-27,PELE,NEON.MAM.D02.R3935,F,subadult
SCBI,SCBI_016,deciduousForest,2019-09-27,PELE,NEON.MAM.D02.R3636,F,adult
