uid,namedLocation,date,eventID,domainID,siteID,plotID,subplotID,nestedSubplotID,groupID,taxonID,scientificName,taxonRank,identificationReferences,identificationQualifier,volumePercent,livePercent,deadPercent,canopyArea,meanHeight,remarks,measuredBy,recordedBy,dataQF,publicationDate,release
c1650fc4-3fb7-458b-9963-9b9e95a7d74e,ABBY_063.basePlot.vst,2015-07-23T00:00:00Z,vst_ABBY_2015,D16,ABBY,ABBY_063,39,NA,39 _0,SPDOD,Spiraea douglasii Hook. var. douglasii,variety,NA,NA,100,95,5,1,0.92,NA,shiebert@neoninc.org,kzias@field-ops.org,legacyData,20201217T051217Z,RELEASE-2021
18cfe7d3-12f0-4142-9661-79f27906219c,ABBY_063.basePlot.vst,2015-07-23T00:00:00Z,vst_ABBY_2015,D16,ABBY,ABBY_063,21,NA,21 _0,ACCI,Acer circinatum Pursh,species,NA,NA,100,100,0,1,0.88,NA,shiebert@neoninc.org,kzias@field-ops.org,legacyData,20201217T051217Z,RELEASE-2021
e03aea50-138c-4388-99f4-b1fff1d43075,ABBY_063.basePlot.vst,2015-07-23T00:00:00Z,vst_ABBY_2015,D16,ABBY,ABBY_063,21,NA,21 _0,ACCI,Acer circinatum Pursh,species,NA,NA,100,90,10,1,0.96,NA,shiebert@neoninc.org,kzias@field-ops.org,legacyData,20201217T051217Z,RELEASE-2021
6a46ce9c-0fda-4e70-b633-b04e50c770db,ABBY_063.basePlot.vst,2015-07-23T00:00:00Z,vst_ABBY_2015,D16,ABBY,ABBY_063,21,NA,21 _0,ACCI,Acer circinatum Pursh,species,NA,NA,100,100,0,1,0.56,NA,shiebert@neoninc.org,kzias@field-ops.org,legacyData,20201217T051217Z,RELEASE-2021
16e6408f-0390-4adf-81b5-19867f6d1da6,ABBY_063.basePlot.vst,2015-07-23T00:00:00Z,vst_ABBY_2015,D16,ABBY,ABBY_063,39,NA,39 _0,ACCI,Acer circinatum Pursh,species,NA,NA,100,95,5,1,2.74,NA,shiebert@neoninc.org,kzias@field-ops.org,legacyData,20201217T051217Z,RELEASE-2021
d46552e1-f10b-45bb-91b7-339a0c91fdbf,ABBY_068.basePlot.vst,2015-07-25T00:00:00Z,vst_ABBY_2015,D16,ABBY,ABBY_068,39,1,39 _0,HODI,Holodiscus discolor (Pursh) Maxim.,species,NA,NA,100,100,0,1,1.06,NA,krian@neoninc.org,emccarthy@field-ops.org,legacyData,20201217T051217Z,RELEASE-2021
377756eb-2c63-4b24-adaf-1f982d219937,ABBY_068.basePlot.vst,2015-07-25T00:00:00Z,vst_ABBY_2015,D16,ABBY,ABBY_068,21,4,21 _0,COCOC,Corylus cornuta Marshall var. californica (A. DC.) Sharp,variety,NA,NA,100,100,0,1,0.9,NA,shiebert@neoninc.org,lwade@field-ops.org,legacyData,20201217T051217Z,RELEASE-2021
cf67a97e-5969-4294-8a9c-4b91829ac0ee,ABBY_068.basePlot.vst,2015-07-25T00:00:00Z,vst_ABBY_2015,D16,ABBY,ABBY_068,21,1,21 _0,GASH,Gaultheria shallon Pursh,species,NA,NA,100,100,0,1,1.22,NA,shiebert@neoninc.org,lwade@field-ops.org,legacyData,20201217T051217Z,RELEASE-2021
f43a3ed4-0070-4dc1-8624-1c8f626465f8,ABBY_065.basePlot.vst,2015-07-27T00:00:00Z,vst_ABBY_2015,D16,ABBY,ABBY_065,23,4,23 _0,GASH,Gaultheria shallon Pursh,species,NA,NA,65,95,5,3,0.78,NA,shiebert@neoninc.org,krian@neoninc.org,legacyData,20201217T051217Z,RELEASE-2021
7c1b5838-6bdf-48a0-a2fd-65269ea27e95,ABBY_065.basePlot.vst,2015-07-27T00:00:00Z,vst_ABBY_2015,D16,ABBY,ABBY_065,23,4,23 _0,GASH,Gaultheria shallon Pursh,species,NA,NA,100,90,10,3,0.7,NA,shiebert@neoninc.org,krian@neoninc.org,legacyData,20201217T051217Z,RELEASE-2021
cd81b832-5196-4c7a-a6f0-06891fb748e7,ABBY_065.basePlot.vst,2015-07-27T00:00:00Z,vst_ABBY_2015,D16,ABBY,ABBY_065,23,4,23 _0,GASH,Gaultheria shallon Pursh,species,NA,NA,100,80,20,3,0.64,NA,shiebert@neoninc.org,krian@neoninc.org,legacyData,20201217T051217Z,RELEASE-2021
d0187f01-6ea0-480b-92fe-8b84e6afbd1a,ABBY_065.basePlot.vst,2015-07-27T00:00:00Z,vst_ABBY_2015,D16,ABBY,ABBY_065,23,4,23 _0,ACCI,Acer circinatum Pursh,species,NA,NA,35,100,0,3,1.26,no transcription errors found,shiebert@neoninc.org,krian@neoninc.org,legacyData,20201217T051217Z,RELEASE-2021
5771098d-7f0d-4981-9d6f-490fd509b00b,ABBY_065.basePlot.vst,2015-07-27T00:00:00Z,vst_ABBY_2015,D16,ABBY,ABBY_065,23,2,23 _1,COCOC,Corylus cornuta Marshall var. californica (A. DC.) Sharp,variety,NA,NA,100,100,0,3,4.56,NA,shiebert@neoninc.org,krian@neoninc.org,legacyData,20201217T051217Z,RELEASE-2021
b6283bcf-352e-4f52-8f9a-3ea078b8a235,ABBY_065.basePlot.vst,2015-07-27T00:00:00Z,vst_ABBY_2015,D16,ABBY,ABBY_065,23,2,23 _1,COCOC,Corylus cornuta Marshall var. californica (A. DC.) Sharp,variety,NA,NA,100,100,0,3,2.98,NA,shiebert@neoninc.org,krian@neoninc.org,legacyData,20201217T051217Z,RELEASE-2021
a85d1152-f7d6-4be8-b7d8-c50c381f6f70,ABBY_065.basePlot.vst,2015-07-27T00:00:00Z,vst_ABBY_2015,D16,ABBY,ABBY_065,23,2,23 _1,GASH,Gaultheria shallon Pursh,species,NA,NA,100,80,20,3,1.48,NA,shiebert@neoninc.org,krian@neoninc.org,legacyData,20201217T051217Z,RELEASE-2021
21e5d3a8-aec7-40e4-be88-aceec29f3597,ABBY_065.basePlot.vst,2015-07-27T00:00:00Z,vst_ABBY_2015,D16,ABBY,ABBY_065,23,2,23 _1,GASH,Gaultheria shallon Pursh,species,NA,NA,100,90,10,3,1.62,NA,shiebert@neoninc.org,krian@neoninc.org,legacyData,20201217T051217Z,RELEASE-2021
30bb1b67-3b02-4c7b-9a9f-1ba0b6eef85c,ABBY_065.basePlot.vst,2015-07-27T00:00:00Z,vst_ABBY_2015,D16,ABBY,ABBY_065,23,2,23 _1,RUSP,Rubus spectabilis Pursh,species,NA,NA,100,100,0,3,2,no transcription errors found,shiebert@neoninc.org,krian@neoninc.org,legacyData,20201217T051217Z,RELEASE-2021
f8a926da-4ebd-4539-8cef-9c82875a7085,ABBY_065.basePlot.vst,2015-07-27T00:00:00Z,vst_ABBY_2015,D16,ABBY,ABBY_065,23,4,23 _0,COCOC,Corylus cornuta Marshall var. californica (A. DC.) Sharp,variety,NA,NA,100,100,0,3,1.28,NA,shiebert@neoninc.org,krian@neoninc.org,legacyData,20201217T051217Z,RELEASE-2021
020be42b-032e-4cda-86ed-020a01dd6626,ABBY_065.basePlot.vst,2015-07-27T00:00:00Z,vst_ABBY_2015,D16,ABBY,ABBY_065,23,2,23 _0,COCOC,Corylus cornuta Marshall var. californica (A. DC.) Sharp,variety,NA,NA,50,100,0,3,4.24,NA,shiebert@neoninc.org,krian@neoninc.org,legacyData,20201217T051217Z,RELEASE-2021
c8e3bb6c-2d42-406d-8dff-29c7c0960786,ABBY_065.basePlot.vst,2015-07-27T00:00:00Z,vst_ABBY_2015,D16,ABBY,ABBY_065,23,4,23 _0,GASH,Gaultheria shallon Pursh,species,NA,NA,100,100,0,3,0.54,NA,shiebert@neoninc.org,krian@neoninc.org,legacyData,20201217T051217Z,RELEASE-2021
06fc2698-3292-4389-ab55-3297a9e79196,ABBY_065.basePlot.vst,2015-07-27T00:00:00Z,vst_ABBY_2015,D16,ABBY,ABBY_065,23,2,23 _0,COCOC,Corylus cornuta Marshall var. californica (A. DC.) Sharp,variety,NA,NA,100,100,0,3,3.22,NA,shiebert@neoninc.org,krian@neoninc.org,legacyData,20201217T051217Z,RELEASE-2021
21086b70-7e28-46c1-96a3-e7af9ed2046d,ABBY_065.basePlot.vst,2015-07-27T00:00:00Z,vst_ABBY_2015,D16,ABBY,ABBY_065,41,1,41 _0,FRPU7,Frangula purshiana (DC.) A. Gray,species,NA,NA,100,100,0,1,1.52,NA,shiebert@neoninc.org,krian@neoninc.org,legacyData,20201217T051217Z,RELEASE-2021
14029245-33ff-4953-b60a-f899374eed2a,ABBY_065.basePlot.vst,2015-07-27T00:00:00Z,vst_ABBY_2015,D16,ABBY,ABBY_065,23,4,23 _0,ACCI,Acer circinatum Pursh,species,NA,NA,100,100,0,3,1.64,NA,shiebert@neoninc.org,krian@neoninc.org,legacyData,20201217T051217Z,RELEASE-2021
4b17c8a8-d33c-453f-ab73-aa9ac1d52bad,ABBY_065.basePlot.vst,2015-07-27T00:00:00Z,vst_ABBY_2015,D16,ABBY,ABBY_065,23,2,23 _0,GASH,Gaultheria shallon Pursh,species,NA,NA,50,100,0,3,0.4,NA,shiebert@neoninc.org,krian@neoninc.org,legacyData,20201217T051217Z,RELEASE-2021
5cdcea1b-c611-4de2-8f0b-699c7a3cbb19,ABBY_065.basePlot.vst,2015-07-27T00:00:00Z,vst_ABBY_2015,D16,ABBY,ABBY_065,23,2,23 _1,GASH,Gaultheria shallon Pursh,species,NA,NA,100,75,25,3,1.86,NA,shiebert@neoninc.org,krian@neoninc.org,legacyData,20201217T051217Z,RELEASE-2021
007bdfef-c954-4c3a-b904-7116eb88283f,ABBY_065.basePlot.vst,2015-07-27T00:00:00Z,vst_ABBY_2015,D16,ABBY,ABBY_065,23,2,23 _1,COCOC,Corylus cornuta Marshall var. californica (A. DC.) Sharp,variety,NA,NA,100,100,0,3,2.74,NA,shiebert@neoninc.org,krian@neoninc.org,legacyData,20201217T051217Z,RELEASE-2021
f03b4f90-7121-4f00-a3ac-0d0922a9977c,ABBY_065.basePlot.vst,2015-07-27T00:00:00Z,vst_ABBY_2015,D16,ABBY,ABBY_065,23,4,23 _0,GASH,Gaultheria shallon Pursh,species,NA,NA,100,100,0,3,0.58,NA,shiebert@neoninc.org,krian@neoninc.org,legacyData,20201217T051217Z,RELEASE-2021
be803422-0605-423f-ae24-a18b8d55ed56,ABBY_066.basePlot.vst,2015-07-28T00:00:00Z,vst_ABBY_2015,D16,ABBY,ABBY_066,41,1,41 _0,GASH,Gaultheria shallon Pursh,species,NA,NA,100,100,0,1,0.8,NA,krian@neoninc.org,shiebert@neoninc.org,legacyData,20201217T051217Z,RELEASE-2021
886f83e1-92a5-48e8-afe8-2d7b4b1dacfd,ABBY_066.basePlot.vst,2015-07-28T00:00:00Z,vst_ABBY_2015,D16,ABBY,ABBY_066,21,4,21 _0,GASH,Gaultheria shallon Pursh,species,NA,NA,100,100,0,2,1.2,NA,krian@neoninc.org,shiebert@neoninc.org,legacyData,20201217T051217Z,RELEASE-2021
b3dcede9-3d04-44ca-a8eb-884f99ee2386,ABBY_066.basePlot.vst,2015-07-28T00:00:00Z,vst_ABBY_2015,D16,ABBY,ABBY_066,21,4,21 _0,COCOC,Corylus cornuta Marshall var. californica (A. DC.) Sharp,variety,NA,NA,100,100,0,2,2.66,NA,krian@neoninc.org,shiebert@neoninc.org,legacyData,20201217T051217Z,RELEASE-2021
22bd36b1-3903-46b6-8568-24f1d8619331,ABBY_066.basePlot.vst,2015-07-28T00:00:00Z,vst_ABBY_2015,D16,ABBY,ABBY_066,21,4,21 _0,GASH,Gaultheria shallon Pursh,species,NA,NA,34,100,0,2,1.24,NA,krian@neoninc.org,shiebert@neoninc.org,legacyData,20201217T051217Z,RELEASE-2021
e0655899-1ae3-425d-985f-18fc75741674,ABBY_066.basePlot.vst,2015-07-28T00:00:00Z,vst_ABBY_2015,D16,ABBY,ABBY_066,21,4,21 _0,COCOC,Corylus cornuta Marshall var. californica (A. DC.) Sharp,variety,NA,NA,100,100,0,2,2.38,NA,krian@neoninc.org,shiebert@neoninc.org,legacyData,20201217T051217Z,RELEASE-2021
79224bdc-b1f4-429c-8a8e-18cad26cccec,ABBY_066.basePlot.vst,2015-07-28T00:00:00Z,vst_ABBY_2015,D16,ABBY,ABBY_066,21,4,21 _0,COCOC,Corylus cornuta Marshall var. californica (A. DC.) Sharp,variety,NA,NA,33,100,0,2,2.4,no transcription errors found,krian@neoninc.org,shiebert@neoninc.org,legacyData,20201217T051217Z,RELEASE-2021
afc4e46f-5257-4501-8fd1-7006039eb649,ABBY_066.basePlot.vst,2015-07-28T00:00:00Z,vst_ABBY_2015,D16,ABBY,ABBY_066,21,4,21 _0,GASH,Gaultheria shallon Pursh,species,NA,NA,30,100,0,2,1.2,NA,krian@neoninc.org,shiebert@neoninc.org,legacyData,20201217T051217Z,RELEASE-2021
e2c7a2c1-c6a3-43f6-a4d5-b5cee80d2319,ABBY_066.basePlot.vst,2015-07-28T00:00:00Z,vst_ABBY_2015,D16,ABBY,ABBY_066,41,1,41 _0,GASH,Gaultheria shallon Pursh,species,NA,NA,100,60,40,1,0.56,NA,krian@neoninc.org,shiebert@neoninc.org,legacyData,20201217T051217Z,RELEASE-2021
daa305c3-6365-47c1-af59-19c56f20f82a,ABBY_066.basePlot.vst,2015-07-28T00:00:00Z,vst_ABBY_2015,D16,ABBY,ABBY_066,21,1,21 _0,GASH,Gaultheria shallon Pursh,species,NA,NA,100,100,0,2,1.32,NA,krian@neoninc.org,shiebert@neoninc.org,legacyData,20201217T051217Z,RELEASE-2021
353d03b9-a419-4097-9d9e-22739dc254da,ABBY_066.basePlot.vst,2015-07-28T00:00:00Z,vst_ABBY_2015,D16,ABBY,ABBY_066,21,1,21 _1,ACCI,Acer circinatum Pursh,species,NA,NA,20,100,0,1,1.76,NA,krian@neoninc.org,shiebert@neoninc.org,legacyData,20201217T051217Z,RELEASE-2021
986891dd-ab35-4b63-ad10-e671d964547b,ABBY_066.basePlot.vst,2015-07-28T00:00:00Z,vst_ABBY_2015,D16,ABBY,ABBY_066,41,4,41 _0,VAPA,Vaccinium parvifolium Sm.,species,NA,NA,100,100,0,1,1.2,NA,krian@neoninc.org,shiebert@neoninc.org,legacyData,20201217T051217Z,RELEASE-2021
87ca2885-cc58-4774-83e8-614439d4ee82,ABBY_066.basePlot.vst,2015-07-28T00:00:00Z,vst_ABBY_2015,D16,ABBY,ABBY_066,21,1,21 _1,GASH,Gaultheria shallon Pursh,species,NA,NA,70,100,0,1,0.92,no transcription errors found,krian@neoninc.org,shiebert@neoninc.org,legacyData,20201217T051217Z,RELEASE-2021
95094bf4-33b4-4caf-a917-ee68378a7ce9,ABBY_066.basePlot.vst,2015-07-28T00:00:00Z,vst_ABBY_2015,D16,ABBY,ABBY_066,21,1,21 _1,COCOC,Corylus cornuta Marshall var. californica (A. DC.) Sharp,variety,NA,NA,30,100,0,1,2.08,NA,krian@neoninc.org,shiebert@neoninc.org,legacyData,20201217T051217Z,RELEASE-2021
f3e6b677-a834-4ff2-8014-d902f7fe2b05,ABBY_066.basePlot.vst,2015-07-28T00:00:00Z,vst_ABBY_2015,D16,ABBY,ABBY_066,41,4,41 _0,COCOC,Corylus cornuta Marshall var. californica (A. DC.) Sharp,variety,NA,NA,50,100,0,1,1.84,NA,krian@neoninc.org,shiebert@neoninc.org,legacyData,20201217T051217Z,RELEASE-2021
adde9f45-4098-422e-9b52-86f373257522,ABBY_066.basePlot.vst,2015-07-28T00:00:00Z,vst_ABBY_2015,D16,ABBY,ABBY_066,21,4,21 _0,FRPU7,Frangula purshiana (DC.) A. Gray,species,NA,NA,33,100,0,2,2.7,NA,krian@neoninc.org,shiebert@neoninc.org,legacyData,20201217T051217Z,RELEASE-2021
5f50662f-3c84-4e3c-99c9-b74d6e450b42,ABBY_066.basePlot.vst,2015-07-28T00:00:00Z,vst_ABBY_2015,D16,ABBY,ABBY_066,21,1,21 _1,GASH,Gaultheria shallon Pursh,species,NA,NA,100,95,5,1,0.74,NA,krian@neoninc.org,shiebert@neoninc.org,legacyData,20201217T051217Z,RELEASE-2021
a1f0181c-20d1-4eb0-b22c-e6779b6b4969,ABBY_066.basePlot.vst,2015-07-28T00:00:00Z,vst_ABBY_2015,D16,ABBY,ABBY_066,21,1,21 _1,GASH,Gaultheria shallon Pursh,species,NA,NA,70,100,0,1,1.06,NA,krian@neoninc.org,shiebert@neoninc.org,legacyData,20201217T051217Z,RELEASE-2021
ed91fb20-2b33-43c4-9eb9-d77df7fccb19,ABBY_066.basePlot.vst,2015-07-28T00:00:00Z,vst_ABBY_2015,D16,ABBY,ABBY_066,21,4,21 _0,COCOC,Corylus cornuta Marshall var. californica (A. DC.) Sharp,variety,NA,NA,100,100,0,2,1.86,NA,krian@neoninc.org,shiebert@neoninc.org,legacyData,20201217T051217Z,RELEASE-2021
a001d7eb-6992-4d2a-b247-eb8e945c5bc5,ABBY_066.basePlot.vst,2015-07-28T00:00:00Z,vst_ABBY_2015,D16,ABBY,ABBY_066,21,4,21 _0,GASH,Gaultheria shallon Pursh,species,NA,NA,100,100,0,2,1.18,NA,krian@neoninc.org,shiebert@neoninc.org,legacyData,20201217T051217Z,RELEASE-2021
a2540146-d3b0-4d7f-8bd6-13f1aa7905f9,ABBY_066.basePlot.vst,2015-07-28T00:00:00Z,vst_ABBY_2015,D16,ABBY,ABBY_066,21,1,21 _1,ACCI,Acer circinatum Pursh,species,NA,NA,30,100,0,1,1.84,NA,krian@neoninc.org,shiebert@neoninc.org,legacyData,20201217T051217Z,RELEASE-2021
8b363497-66be-4680-9830-19e2d95acde2,ABBY_066.basePlot.vst,2015-07-28T00:00:00Z,vst_ABBY_2015,D16,ABBY,ABBY_066,21,4,21 _0,COCOC,Corylus cornuta Marshall var. californica (A. DC.) Sharp,variety,NA,NA,70,100,0,2,2.92,NA,krian@neoninc.org,shiebert@neoninc.org,legacyData,20201217T051217Z,RELEASE-2021
a3715bce-329e-4968-9417-08010204e878,ABBY_066.basePlot.vst,2015-07-28T00:00:00Z,vst_ABBY_2015,D16,ABBY,ABBY_066,41,4,41 _0,GASH,Gaultheria shallon Pursh,species,NA,NA,50,90,10,1,0.74,NA,krian@neoninc.org,shiebert@neoninc.org,legacyData,20201217T051217Z,RELEASE-2021
bb68945b-9b1f-41a6-9fd9-14d6caf4a41c,ABBY_066.basePlot.vst,2015-07-28T00:00:00Z,vst_ABBY_2015,D16,ABBY,ABBY_066,21,1,21 _1,GASH,Gaultheria shallon Pursh,species,NA,NA,100,95,5,1,0.96,NA,krian@neoninc.org,shiebert@neoninc.org,legacyData,20201217T051217Z,RELEASE-2021
5917fd06-7a81-47e3-bc34-e8e5411628ec,ABBY_066.basePlot.vst,2015-07-28T00:00:00Z,vst_ABBY_2015,D16,ABBY,ABBY_066,21,4,21 _0,GASH,Gaultheria shallon Pursh,species,NA,NA,100,100,0,2,1.06,NA,krian@neoninc.org,shiebert@neoninc.org,legacyData,20201217T051217Z,RELEASE-2021
a61655ef-eec9-4a29-94b9-b56da932b49b,ABBY_066.basePlot.vst,2015-07-28T00:00:00Z,vst_ABBY_2015,D16,ABBY,ABBY_066,41,4,41 _0,GASH,Gaultheria shallon Pursh,species,NA,NA,100,100,0,1,0.82,no transcription errors found,krian@neoninc.org,shiebert@neoninc.org,legacyData,20201217T051217Z,RELEASE-2021
a469936e-f04a-4fb8-b9de-7605f8ac5b77,ABBY_066.basePlot.vst,2015-07-28T00:00:00Z,vst_ABBY_2015,D16,ABBY,ABBY_066,41,1,41 _0,GASH,Gaultheria shallon Pursh,species,NA,NA,100,90,10,1,0.68,NA,krian@neoninc.org,shiebert@neoninc.org,legacyData,20201217T051217Z,RELEASE-2021
0e4beecd-35e4-4923-af86-9ba4f383ace9,ABBY_066.basePlot.vst,2015-07-28T00:00:00Z,vst_ABBY_2015,D16,ABBY,ABBY_066,41,1,41 _0,GASH,Gaultheria shallon Pursh,species,NA,NA,100,30,70,1,0.66,NA,krian@neoninc.org,shiebert@neoninc.org,legacyData,20201217T051217Z,RELEASE-2021
fbe83d6a-31ff-4796-aa99-ed57be63ad1f,ABBY_066.basePlot.vst,2015-07-28T00:00:00Z,vst_ABBY_2015,D16,ABBY,ABBY_066,21,1,21 _1,GASH,Gaultheria shallon Pursh,species,NA,NA,80,100,0,1,0.96,NA,krian@neoninc.org,shiebert@neoninc.org,legacyData,20201217T051217Z,RELEASE-2021
23ba7d4a-6332-4be6-aed5-f6319b6c1ee3,ABBY_061.basePlot.vst,2015-07-29T00:00:00Z,vst_ABBY_2015,D16,ABBY,ABBY_061,21,1,21 _0,COCOC,Corylus cornuta Marshall var. californica (A. DC.) Sharp,variety,NA,NA,100,90,10,1,1.4,NA,krian@neoninc.org,lwade@field-ops.org,legacyData,20201217T051217Z,RELEASE-2021
34f561aa-182e-4311-bdc7-b09417f379c8,ABBY_070.basePlot.vst,2015-07-29T00:00:00Z,vst_ABBY_2015,D16,ABBY,ABBY_070,21,1,21 _0,COCOC,Corylus cornuta Marshall var. californica (A. DC.) Sharp,variety,NA,NA,100,100,0,2,2.72,NA,lwade@field-ops.org,krian@neoninc.org,legacyData,20201217T051217Z,RELEASE-2021
d88fb7ba-1c84-42df-a199-20ba3cc4e40d,ABBY_070.basePlot.vst,2015-07-29T00:00:00Z,vst_ABBY_2015,D16,ABBY,ABBY_070,39,1,39 _0,HODI,Holodiscus discolor (Pursh) Maxim.,species,NA,NA,100,100,0,1,1.4,NA,kzias@field-ops.org,shiebert@neoninc.org,legacyData,20201217T051217Z,RELEASE-2021
eec64c75-142b-4101-a851-89cd816dc012,ABBY_061.basePlot.vst,2015-07-29T00:00:00Z,vst_ABBY_2015,D16,ABBY,ABBY_061,21,1,21 _0,HODI,Holodiscus discolor (Pursh) Maxim.,species,NA,NA,100,100,0,1,1.1,no transcription errors found,krian@neoninc.org,lwade@field-ops.org,legacyData,20201217T051217Z,RELEASE-2021
3394921c-090c-42cc-8360-ab6870388a18,ABBY_070.basePlot.vst,2015-07-29T00:00:00Z,vst_ABBY_2015,D16,ABBY,ABBY_070,39,3,39 _0,COCOC,Corylus cornuta Marshall var. californica (A. DC.) Sharp,variety,NA,NA,100,100,0,1,2.08,NA,kzias@field-ops.org,shiebert@neoninc.org,legacyData,20201217T051217Z,RELEASE-2021
23a3f10a-6bef-48f8-b57c-4ec52c76e3e1,ABBY_070.basePlot.vst,2015-07-29T00:00:00Z,vst_ABBY_2015,D16,ABBY,ABBY_070,21,1,21 _0,COCOC,Corylus cornuta Marshall var. californica (A. DC.) Sharp,variety,NA,NA,100,100,0,2,2.46,NA,lwade@field-ops.org,krian@neoninc.org,legacyData,20201217T051217Z,RELEASE-2021
e1ca0d46-35f4-4e4c-bf24-961e1671d404,ABBY_070.basePlot.vst,2015-07-29T00:00:00Z,vst_ABBY_2015,D16,ABBY,ABBY_070,21,1,21 _0,MANE2,Mahonia nervosa (Pursh) Nutt.,species,NA,NA,100,100,0,2,0.78,NA,lwade@field-ops.org,krian@neoninc.org,legacyData,20201217T051217Z,RELEASE-2021
234079e7-85ac-4dab-be31-208850aa4741,ABBY_061.basePlot.vst,2015-07-29T00:00:00Z,vst_ABBY_2015,D16,ABBY,ABBY_061,21,1,21 _0,COCOC,Corylus cornuta Marshall var. californica (A. DC.) Sharp,variety,NA,NA,50,100,0,1,1.92,NA,krian@neoninc.org,lwade@field-ops.org,legacyData,20201217T051217Z,RELEASE-2021
31e6a24d-1193-4a29-94e5-9a094ae31351,ABBY_070.basePlot.vst,2015-07-29T00:00:00Z,vst_ABBY_2015,D16,ABBY,ABBY_070,39,3,39 _0,COCOC,Corylus cornuta Marshall var. californica (A. DC.) Sharp,variety,NA,NA,100,100,0,1,2.28,NA,kzias@field-ops.org,shiebert@neoninc.org,legacyData,20201217T051217Z,RELEASE-2021
9e79543c-d582-41fa-8d73-2b49134696fb,ABBY_070.basePlot.vst,2015-07-29T00:00:00Z,vst_ABBY_2015,D16,ABBY,ABBY_070,39,3,39 _0,COCOC,Corylus cornuta Marshall var. californica (A. DC.) Sharp,variety,NA,NA,100,100,0,1,1.9,NA,kzias@field-ops.org,shiebert@neoninc.org,legacyData,20201217T051217Z,RELEASE-2021
2c762807-b483-4252-9947-b078f4e138d9,ABBY_070.basePlot.vst,2015-07-29T00:00:00Z,vst_ABBY_2015,D16,ABBY,ABBY_070,39,3,39 _0,COCOC,Corylus cornuta Marshall var. californica (A. DC.) Sharp,variety,NA,NA,100,100,0,1,2.48,NA,kzias@field-ops.org,shiebert@neoninc.org,legacyData,20201217T051217Z,RELEASE-2021
e1fad098-b1d4-43ab-b0ff-72c90aa03864,ABBY_061.basePlot.vst,2015-07-29T00:00:00Z,vst_ABBY_2015,D16,ABBY,ABBY_061,39,3,39 _0,COCOC,Corylus cornuta Marshall var. californica (A. DC.) Sharp,variety,NA,NA,100,100,0,1,1.9,NA,shiebert@neoninc.org,shiebert@neoninc.org,legacyData,20201217T051217Z,RELEASE-2021
5099c728-56a0-4444-8806-6ec83117e2db,ABBY_070.basePlot.vst,2015-07-29T00:00:00Z,vst_ABBY_2015,D16,ABBY,ABBY_070,21,4,21 _0,COCOC,Corylus cornuta Marshall var. californica (A. DC.) Sharp,variety,NA,NA,100,100,0,2,2.74,NA,lwade@field-ops.org,krian@neoninc.org,legacyData,20201217T051217Z,RELEASE-2021
343dbed0-5d18-48e9-ad85-377626d83e51,ABBY_070.basePlot.vst,2015-07-29T00:00:00Z,vst_ABBY_2015,D16,ABBY,ABBY_070,21,1,21 _0,HODI,Holodiscus discolor (Pursh) Maxim.,species,NA,NA,100,100,0,2,1.52,NA,lwade@field-ops.org,krian@neoninc.org,legacyData,20201217T051217Z,RELEASE-2021
32463594-eb1e-42c3-aa37-35f9416aa016,ABBY_061.basePlot.vst,2015-07-29T00:00:00Z,vst_ABBY_2015,D16,ABBY,ABBY_061,21,1,21 _0,COCOC,Corylus cornuta Marshall var. californica (A. DC.) Sharp,variety,NA,NA,100,100,0,1,2.4,NA,krian@neoninc.org,lwade@field-ops.org,legacyData,20201217T051217Z,RELEASE-2021
edcc6ad2-d6be-426a-b932-a493bedac3c7,ABBY_061.basePlot.vst,2015-07-29T00:00:00Z,vst_ABBY_2015,D16,ABBY,ABBY_061,21,1,21 _0,COCOC,Corylus cornuta Marshall var. californica (A. DC.) Sharp,variety,NA,NA,100,100,0,1,2.3,NA,krian@neoninc.org,lwade@field-ops.org,legacyData,20201217T051217Z,RELEASE-2021
533b0824-c3df-4116-9bee-55d3661bf323,ABBY_070.basePlot.vst,2015-07-29T00:00:00Z,vst_ABBY_2015,D16,ABBY,ABBY_070,39,1,39 _0,ACCI,Acer circinatum Pursh,species,NA,NA,100,100,0,1,2.12,no transcription errors found,kzias@field-ops.org,shiebert@neoninc.org,legacyData,20201217T051217Z,RELEASE-2021
f51c7d9f-454b-48f9-ae06-c8d9c4988f9e,ABBY_070.basePlot.vst,2015-07-29T00:00:00Z,vst_ABBY_2015,D16,ABBY,ABBY_070,39,3,39 _0,ACCI,Acer circinatum Pursh,species,NA,NA,100,100,0,1,2.1,NA,kzias@field-ops.org,shiebert@neoninc.org,legacyData,20201217T051217Z,RELEASE-2021
64370f04-57bf-41a1-a552-4ab19f3e1eee,ABBY_061.basePlot.vst,2015-07-29T00:00:00Z,vst_ABBY_2015,D16,ABBY,ABBY_061,21,1,21 _0,FRPU7,Frangula purshiana (DC.) A. Gray,species,NA,NA,50,100,0,1,2.22,NA,krian@neoninc.org,lwade@field-ops.org,legacyData,20201217T051217Z,RELEASE-2021
6059d040-6290-44f1-9f6a-f6c513299a91,ABBY_070.basePlot.vst,2015-07-29T00:00:00Z,vst_ABBY_2015,D16,ABBY,ABBY_070,21,4,21 _0,ACCI,Acer circinatum Pursh,species,NA,NA,100,100,0,2,2.16,NA,lwade@field-ops.org,krian@neoninc.org,legacyData,20201217T051217Z,RELEASE-2021
d318bcd6-fb74-476a-b294-3701b942fa1f,ABBY_070.basePlot.vst,2015-07-29T00:00:00Z,vst_ABBY_2015,D16,ABBY,ABBY_070,21,4,21 _0,GASH,Gaultheria shallon Pursh,species,NA,NA,100,100,0,2,1.1,NA,lwade@field-ops.org,krian@neoninc.org,legacyData,20201217T051217Z,RELEASE-2021
b5c27cf1-0ece-4c89-b750-e7337e69027e,ABBY_061.basePlot.vst,2015-07-29T00:00:00Z,vst_ABBY_2015,D16,ABBY,ABBY_061,39,3,39 _0,COCOC,Corylus cornuta Marshall var. californica (A. DC.) Sharp,variety,NA,NA,100,100,0,1,2.18,NA,shiebert@neoninc.org,shiebert@neoninc.org,legacyData,20201217T051217Z,RELEASE-2021
de731de5-c16d-414a-a9b9-4d49121cb33c,ABBY_062.basePlot.vst,2015-07-30T00:00:00Z,vst_ABBY_2015,D16,ABBY,ABBY_062,39,3,39 _0,ACCI,Acer circinatum Pursh,species,NA,NA,100,100,0,3,3.26,NA,shiebert@neoninc.org,lwade@field-ops.org,legacyData,20201217T051217Z,RELEASE-2021
6cdf5f3a-15b9-4c06-a43a-fa809fa557b8,ABBY_062.basePlot.vst,2015-07-30T00:00:00Z,vst_ABBY_2015,D16,ABBY,ABBY_062,41,4,41 _0,SARA2,Sambucus racemosa L.,species,NA,cf. species,100,100,0,1,1.44,NA,shiebert@neoninc.org,lwade@field-ops.org,legacyData,20201217T051217Z,RELEASE-2021
a74b8e14-8b46-4465-8d07-3f27d19826fa,ABBY_062.basePlot.vst,2015-07-30T00:00:00Z,vst_ABBY_2015,D16,ABBY,ABBY_062,41,4,41 _0,RUSP,Rubus spectabilis Pursh,species,NA,NA,100,100,0,1,1.56,NA,shiebert@neoninc.org,lwade@field-ops.org,legacyData,20201217T051217Z,RELEASE-2021
e02e38bd-121a-45c0-8d7b-790c2d20782a,ABBY_062.basePlot.vst,2015-07-30T00:00:00Z,vst_ABBY_2015,D16,ABBY,ABBY_062,41,4,41 _0,HODI,Holodiscus discolor (Pursh) Maxim.,species,NA,NA,100,100,0,1,1.44,no transcription errors found,shiebert@neoninc.org,lwade@field-ops.org,legacyData,20201217T051217Z,RELEASE-2021
0cf7cf2b-f51b-476b-b9d1-ed19cc37c3f2,ABBY_062.basePlot.vst,2015-07-30T00:00:00Z,vst_ABBY_2015,D16,ABBY,ABBY_062,41,4,41 _0,GASH,Gaultheria shallon Pursh,species,NA,NA,100,100,0,1,0.92,NA,shiebert@neoninc.org,lwade@field-ops.org,legacyData,20201217T051217Z,RELEASE-2021
e993487d-dbff-4585-8540-3c77127559e1,ABBY_062.basePlot.vst,2015-07-30T00:00:00Z,vst_ABBY_2015,D16,ABBY,ABBY_062,41,4,41 _0,SARA2,Sambucus racemosa L.,species,NA,cf. species,100,70,30,1,0.72,NA,shiebert@neoninc.org,lwade@field-ops.org,legacyData,20201217T051217Z,RELEASE-2021
06392af6-132f-4025-a573-e7d1094e60fd,ABBY_062.basePlot.vst,2015-07-30T00:00:00Z,vst_ABBY_2015,D16,ABBY,ABBY_062,41,4,41 _0,GASH,Gaultheria shallon Pursh,species,NA,NA,100,100,0,1,0.84,NA,shiebert@neoninc.org,lwade@field-ops.org,legacyData,20201217T051217Z,RELEASE-2021
da2808c5-c45f-4126-84b5-a6efedeea1af,ABBY_064.basePlot.vst,2015-07-31T00:00:00Z,vst_ABBY_2015,D16,ABBY,ABBY_064,21,4,21 _0,FRPU7,Frangula purshiana (DC.) A. Gray,species,NA,NA,100,100,0,1,1.62,NA,shiebert@neoninc.org,kzias@field-ops.org,legacyData,20201217T051217Z,RELEASE-2021
4a2c4c1a-3b19-42fc-a84f-1ee7992cefa1,ABBY_064.basePlot.vst,2015-07-31T00:00:00Z,vst_ABBY_2015,D16,ABBY,ABBY_064,23,2,23 _1,FRPU7,Frangula purshiana (DC.) A. Gray,species,NA,NA,10,100,0,2,0.8,NA,shiebert@neoninc.org,kzias@field-ops.org,legacyData,20201217T051217Z,RELEASE-2021
b544b40f-087b-4d9c-81bb-7b7a51bcf731,ABBY_064.basePlot.vst,2015-07-31T00:00:00Z,vst_ABBY_2015,D16,ABBY,ABBY_064,23,2,23 _0,GASH,Gaultheria shallon Pursh,species,NA,NA,2,100,0,76,0.88,NA,shiebert@neoninc.org,kzias@field-ops.org,legacyData,20201217T051217Z,RELEASE-2021
59a9a766-a383-4c0a-8b37-bd20bb14a3ed,ABBY_064.basePlot.vst,2015-07-31T00:00:00Z,vst_ABBY_2015,D16,ABBY,ABBY_064,23,4,23 _0,GASH,Gaultheria shallon Pursh,species,NA,NA,94,100,0,76,1.12,NA,shiebert@neoninc.org,kzias@field-ops.org,legacyData,20201217T051217Z,RELEASE-2021
367e276a-ad66-466d-b8dc-7edd73e50d74,ABBY_064.basePlot.vst,2015-07-31T00:00:00Z,vst_ABBY_2015,D16,ABBY,ABBY_064,23,2,23 _0,FRPU7,Frangula purshiana (DC.) A. Gray,species,NA,NA,2,100,0,76,3.22,NA,shiebert@neoninc.org,kzias@field-ops.org,legacyData,20201217T051217Z,RELEASE-2021
c257f2bb-0474-4905-80ff-f44f947fd97b,ABBY_064.basePlot.vst,2015-07-31T00:00:00Z,vst_ABBY_2015,D16,ABBY,ABBY_064,23,4,23 _0,ACCI,Acer circinatum Pursh,species,NA,NA,70,100,0,76,2.06,NA,shiebert@neoninc.org,kzias@field-ops.org,legacyData,20201217T051217Z,RELEASE-2021
841689c9-6295-4a75-899d-f2ca811aba86,ABBY_064.basePlot.vst,2015-07-31T00:00:00Z,vst_ABBY_2015,D16,ABBY,ABBY_064,23,2,23 _0,PSME,Pseudotsuga menziesii (Mirb.) Franco,species,NA,NA,2,100,0,76,0.6,NA,shiebert@neoninc.org,kzias@field-ops.org,legacyData,20201217T051217Z,RELEASE-2021
653ff7f3-158c-4695-80f3-b493cf28b18b,ABBY_064.basePlot.vst,2015-07-31T00:00:00Z,vst_ABBY_2015,D16,ABBY,ABBY_064,23,4,23 _0,GASH,Gaultheria shallon Pursh,species,NA,NA,80,100,0,76,0.98,NA,shiebert@neoninc.org,kzias@field-ops.org,legacyData,20201217T051217Z,RELEASE-2021
7bba8faf-996b-40c0-9bc1-9d7b94ab0a84,ABBY_064.basePlot.vst,2015-07-31T00:00:00Z,vst_ABBY_2015,D16,ABBY,ABBY_064,21,1,21 _1,GASH,Gaultheria shallon Pursh,species,NA,NA,89,100,0,19,1.34,NA,shiebert@neoninc.org,kzias@field-ops.org,legacyData,20201217T051217Z,RELEASE-2021
176de906-4006-4790-bbf5-26491bdc620f,ABBY_064.basePlot.vst,2015-07-31T00:00:00Z,vst_ABBY_2015,D16,ABBY,ABBY_064,21,4,21 _0,COCOC,Corylus cornuta Marshall var. californica (A. DC.) Sharp,variety,NA,NA,100,100,0,1,1.76,NA,shiebert@neoninc.org,kzias@field-ops.org,legacyData,20201217T051217Z,RELEASE-2021
34f0df2d-2195-43ac-acdf-cfc6e2a12f43,ABBY_064.basePlot.vst,2015-07-31T00:00:00Z,vst_ABBY_2015,D16,ABBY,ABBY_064,23,2,23 _1,GASH,Gaultheria shallon Pursh,species,NA,NA,90,100,0,2,0.68,NA,shiebert@neoninc.org,kzias@field-ops.org,legacyData,20201217T051217Z,RELEASE-2021
b07616e4-8de7-4664-95fe-3e76fb9a5e24,ABBY_064.basePlot.vst,2015-07-31T00:00:00Z,vst_ABBY_2015,D16,ABBY,ABBY_064,23,2,23 _0,ACCI,Acer circinatum Pursh,species,NA,NA,40,100,0,76,4.68,NA,shiebert@neoninc.org,kzias@field-ops.org,legacyData,20201217T051217Z,RELEASE-2021
cd68d0f0-fd4c-4192-8fdf-46639ff46718,ABBY_064.basePlot.vst,2015-07-31T00:00:00Z,vst_ABBY_2015,D16,ABBY,ABBY_064,21,4,21 _0,ACCI,Acer circinatum Pursh,species,NA,NA,100,100,0,1,1.9,NA,shiebert@neoninc.org,kzias@field-ops.org,legacyData,20201217T051217Z,RELEASE-2021
9ebef2cc-a4e7-4fbb-8e20-82bf47dad187,ABBY_064.basePlot.vst,2015-07-31T00:00:00Z,vst_ABBY_2015,D16,ABBY,ABBY_064,23,4,23 _0,PSME,Pseudotsuga menziesii (Mirb.) Franco,species,NA,NA,70,100,0,76,1.3,NA,shiebert@neoninc.org,kzias@field-ops.org,legacyData,20201217T051217Z,RELEASE-2021
b7348762-2296-45a0-ae5e-6d2e975ce24e,ABBY_064.basePlot.vst,2015-07-31T00:00:00Z,vst_ABBY_2015,D16,ABBY,ABBY_064,23,4,23 _0,GASH,Gaultheria shallon Pursh,species,NA,NA,30,100,0,76,0.94,NA,shiebert@neoninc.org,kzias@field-ops.org,legacyData,20201217T051217Z,RELEASE-2021
4cca57d8-327b-4c76-9f80-47c230db5846,ABBY_064.basePlot.vst,2015-07-31T00:00:00Z,vst_ABBY_2015,D16,ABBY,ABBY_064,21,1,21 _0,ACCI,Acer circinatum Pursh,species,NA,NA,100,100,0,1,2.16,NA,shiebert@neoninc.org,kzias@field-ops.org,legacyData,20201217T051217Z,RELEASE-2021
7629770c-0ff8-4a80-8039-dc8eed9e1177,ABBY_064.basePlot.vst,2015-07-31T00:00:00Z,vst_ABBY_2015,D16,ABBY,ABBY_064,23,4,23 _0,GASH,Gaultheria shallon Pursh,species,NA,NA,100,100,0,76,1.2,NA,shiebert@neoninc.org,kzias@field-ops.org,legacyData,20201217T051217Z,RELEASE-2021
90e6eeb5-4e3c-4b9b-9ba3-e0b1700a3691,ABBY_064.basePlot.vst,2015-07-31T00:00:00Z,vst_ABBY_2015,D16,ABBY,ABBY_064,21,1,21 _1,GASH,Gaultheria shallon Pursh,species,NA,NA,13,100,0,19,1.22,NA,shiebert@neoninc.org,kzias@field-ops.org,legacyData,20201217T051217Z,RELEASE-2021
22450cdf-fbf5-4123-a576-f335735244cb,ABBY_064.basePlot.vst,2015-07-31T00:00:00Z,vst_ABBY_2015,D16,ABBY,ABBY_064,21,4,21 _0,ACCI,Acer circinatum Pursh,species,NA,NA,100,100,0,1,1.84,no transcription errors found,shiebert@neoninc.org,kzias@field-ops.org,legacyData,20201217T051217Z,RELEASE-2021
3fc42bc8-d6f5-4c13-8670-3e29b572b25e,ABBY_064.basePlot.vst,2015-07-31T00:00:00Z,vst_ABBY_2015,D16,ABBY,ABBY_064,23,4,23 _0,VAPA,Vaccinium parvifolium Sm.,species,NA,NA,4,100,0,76,1.1,NA,shiebert@neoninc.org,kzias@field-ops.org,legacyData,20201217T051217Z,RELEASE-2021
0a54bd1d-b299-491d-b775-33878c72297e,ABBY_064.basePlot.vst,2015-07-31T00:00:00Z,vst_ABBY_2015,D16,ABBY,ABBY_064,21,1,21 _0,COCOC,Corylus cornuta Marshall var. californica (A. DC.) Sharp,variety,NA,NA,30,100,0,1,2.78,NA,shiebert@neoninc.org,kzias@field-ops.org,legacyData,20201217T051217Z,RELEASE-2021
7a3cff8a-3cb4-4604-b6fb-aadd3f4963bc,ABBY_064.basePlot.vst,2015-07-31T00:00:00Z,vst_ABBY_2015,D16,ABBY,ABBY_064,23,2,23 _0,COCOC,Corylus cornuta Marshall var. californica (A. DC.) Sharp,variety,NA,NA,4,100,0,76,3.62,NA,shiebert@neoninc.org,kzias@field-ops.org,legacyData,20201217T051217Z,RELEASE-2021
c57af059-1287-4b69-988c-59aafb3bfa55,ABBY_064.basePlot.vst,2015-07-31T00:00:00Z,vst_ABBY_2015,D16,ABBY,ABBY_064,23,4,23 _0,ACCI,Acer circinatum Pursh,species,NA,NA,5,100,0,76,1.48,NA,shiebert@neoninc.org,kzias@field-ops.org,legacyData,20201217T051217Z,RELEASE-2021
13dff416-24b8-4c8e-802c-489c15c8fedd,ABBY_064.basePlot.vst,2015-07-31T00:00:00Z,vst_ABBY_2015,D16,ABBY,ABBY_064,21,1,21 _1,PSME,Pseudotsuga menziesii (Mirb.) Franco,species,NA,NA,10,100,0,19,2.25,no transcription errors found,shiebert@neoninc.org,kzias@field-ops.org,legacyData,20201217T051217Z,RELEASE-2021
2a446b7c-9d69-4031-bb19-be0b50a1a644,ABBY_064.basePlot.vst,2015-07-31T00:00:00Z,vst_ABBY_2015,D16,ABBY,ABBY_064,21,1,21 _0,THPL,Thuja plicata Donn ex D. Don,species,NA,NA,1,100,0,1,2.4,NA,shiebert@neoninc.org,kzias@field-ops.org,legacyData,20201217T051217Z,RELEASE-2021
a4e9a442-9849-45fb-bba2-94d30ecc8182,ABBY_064.basePlot.vst,2015-07-31T00:00:00Z,vst_ABBY_2015,D16,ABBY,ABBY_064,21,1,21 _0,ACCI,Acer circinatum Pursh,species,NA,NA,69,100,0,1,2.62,NA,shiebert@neoninc.org,kzias@field-ops.org,legacyData,20201217T051217Z,RELEASE-2021
9a81676c-a7f9-4dfa-803d-5edbf85222a2,ABBY_064.basePlot.vst,2015-07-31T00:00:00Z,vst_ABBY_2015,D16,ABBY,ABBY_064,23,4,23 _0,FRPU7,Frangula purshiana (DC.) A. Gray,species,NA,NA,7,100,0,76,2.14,NA,shiebert@neoninc.org,kzias@field-ops.org,legacyData,20201217T051217Z,RELEASE-2021
fdd076c8-2f86-4c76-8ece-750dbdb493d0,ABBY_064.basePlot.vst,2015-07-31T00:00:00Z,vst_ABBY_2015,D16,ABBY,ABBY_064,23,2,23 _0,HODI,Holodiscus discolor (Pursh) Maxim.,species,NA,NA,1,100,0,76,4.04,NA,shiebert@neoninc.org,kzias@field-ops.org,legacyData,20201217T051217Z,RELEASE-2021
a3e97148-a80f-4726-a95c-f3bd96d88eb7,ABBY_064.basePlot.vst,2015-07-31T00:00:00Z,vst_ABBY_2015,D16,ABBY,ABBY_064,23,2,23 _0,THPL,Thuja plicata Donn ex D. Don,species,NA,NA,1,100,0,76,1.05,NA,shiebert@neoninc.org,kzias@field-ops.org,legacyData,20201217T051217Z,RELEASE-2021
af8d54dc-df03-4b7c-bd66-4b54f4fee187,ABBY_064.basePlot.vst,2015-07-31T00:00:00Z,vst_ABBY_2015,D16,ABBY,ABBY_064,23,4,23 _0,ACCI,Acer circinatum Pursh,species,NA,NA,2,100,0,76,1.3,NA,shiebert@neoninc.org,kzias@field-ops.org,legacyData,20201217T051217Z,RELEASE-2021
edb5a82e-1ef1-49e8-8d72-c591eb90a42a,ABBY_064.basePlot.vst,2015-07-31T00:00:00Z,vst_ABBY_2015,D16,ABBY,ABBY_064,23,4,23 _0,PSME,Pseudotsuga menziesii (Mirb.) Franco,species,NA,NA,7,100,0,76,2.5,NA,shiebert@neoninc.org,kzias@field-ops.org,legacyData,20201217T051217Z,RELEASE-2021
26115fc6-a9d1-41d1-ba15-155ace0bffee,ABBY_064.basePlot.vst,2015-07-31T00:00:00Z,vst_ABBY_2015,D16,ABBY,ABBY_064,23,2,23 _0,RUPA,Rubus parviflorus Nutt.,species,NA,NA,1,100,0,76,1.3,NA,shiebert@neoninc.org,kzias@field-ops.org,legacyData,20201217T051217Z,RELEASE-2021
8063533d-4518-46cd-8ac0-5e37be212fe1,ABBY_064.basePlot.vst,2015-07-31T00:00:00Z,vst_ABBY_2015,D16,ABBY,ABBY_064,23,2,23 _0,FRPU7,Frangula purshiana (DC.) A. Gray,species,NA,NA,98,100,0,76,1.3,NA,shiebert@neoninc.org,kzias@field-ops.org,legacyData,20201217T051217Z,RELEASE-2021
513a74ca-11bf-444e-abc2-e6a94da83f8f,ABBY_064.basePlot.vst,2015-07-31T00:00:00Z,vst_ABBY_2015,D16,ABBY,ABBY_064,21,1,21 _1,COCOC,Corylus cornuta Marshall var. californica (A. DC.) Sharp,variety,NA,NA,30,100,0,19,2.5,NA,shiebert@neoninc.org,kzias@field-ops.org,legacyData,20201217T051217Z,RELEASE-2021
4064ef92-0b61-4c73-a70a-915980d18205,ABBY_064.basePlot.vst,2015-07-31T00:00:00Z,vst_ABBY_2015,D16,ABBY,ABBY_064,21,1,21 _1,GASH,Gaultheria shallon Pursh,species,NA,NA,100,100,0,19,1.18,NA,shiebert@neoninc.org,kzias@field-ops.org,legacyData,20201217T051217Z,RELEASE-2021
c7b7c2e2-1184-41cd-9c2a-9fd43432a854,ABBY_064.basePlot.vst,2015-07-31T00:00:00Z,vst_ABBY_2015,D16,ABBY,ABBY_064,21,1,21 _1,COCOC,Corylus cornuta Marshall var. californica (A. DC.) Sharp,variety,NA,NA,5,100,0,19,3.2,NA,shiebert@neoninc.org,kzias@field-ops.org,legacyData,20201217T051217Z,RELEASE-2021
21557b41-1e03-4bc5-b8fc-da0ce1b934d8,ABBY_064.basePlot.vst,2015-07-31T00:00:00Z,vst_ABBY_2015,D16,ABBY,ABBY_064,23,4,23 _0,GASH,Gaultheria shallon Pursh,species,NA,NA,85,100,0,76,1.28,NA,shiebert@neoninc.org,kzias@field-ops.org,legacyData,20201217T051217Z,RELEASE-2021
bb5cbbde-af46-4203-abfc-628e3c9b6bd9,ABBY_064.basePlot.vst,2015-07-31T00:00:00Z,vst_ABBY_2015,D16,ABBY,ABBY_064,21,1,21 _1,PSME,Pseudotsuga menziesii (Mirb.) Franco,species,NA,NA,15,100,0,19,4.87,NA,shiebert@neoninc.org,kzias@field-ops.org,legacyData,20201217T051217Z,RELEASE-2021
5559a308-e761-4135-bc37-5e223fe70bcd,ABBY_064.basePlot.vst,2015-07-31T00:00:00Z,vst_ABBY_2015,D16,ABBY,ABBY_064,23,4,23 _0,GASH,Gaultheria shallon Pursh,species,NA,NA,100,100,0,76,1.04,NA,shiebert@neoninc.org,kzias@field-ops.org,legacyData,20201217T051217Z,RELEASE-2021
a1d434ae-7d7c-4acc-9179-cf6bfaf4ac35,ABBY_064.basePlot.vst,2015-07-31T00:00:00Z,vst_ABBY_2015,D16,ABBY,ABBY_064,23,2,23 _0,GASH,Gaultheria shallon Pursh,species,NA,NA,50,100,0,76,1.04,NA,shiebert@neoninc.org,kzias@field-ops.org,legacyData,20201217T051217Z,RELEASE-2021
4fffbcae-d81a-4def-aa89-ccef202169ce,ABBY_064.basePlot.vst,2015-07-31T00:00:00Z,vst_ABBY_2015,D16,ABBY,ABBY_064,21,1,21 _1,FRPU7,Frangula purshiana (DC.) A. Gray,species,NA,NA,7,100,0,19,3.2,NA,shiebert@neoninc.org,kzias@field-ops.org,legacyData,20201217T051217Z,RELEASE-2021
dc3ca9c5-f670-40c2-8ff8-ff44eae40a0b,ABBY_064.basePlot.vst,2015-07-31T00:00:00Z,vst_ABBY_2015,D16,ABBY,ABBY_064,21,4,21 _0,ACCI,Acer circinatum Pursh,species,NA,NA,100,100,0,1,2.34,NA,shiebert@neoninc.org,kzias@field-ops.org,legacyData,20201217T051217Z,RELEASE-2021
2ed1cd7b-5c38-4304-9e99-44eeb15e5610,ABBY_064.basePlot.vst,2015-07-31T00:00:00Z,vst_ABBY_2015,D16,ABBY,ABBY_064,21,1,21 _1,FRPU7,Frangula purshiana (DC.) A. Gray,species,NA,NA,60,100,0,19,2.76,no transcription errors found,shiebert@neoninc.org,kzias@field-ops.org,legacyData,20201217T051217Z,RELEASE-2021
2a40b6fa-3774-481a-9bae-b2ee0e7b6fda,ABBY_064.basePlot.vst,2015-07-31T00:00:00Z,vst_ABBY_2015,D16,ABBY,ABBY_064,23,4,23 _0,GASH,Gaultheria shallon Pursh,species,NA,NA,26,100,0,76,0.78,NA,shiebert@neoninc.org,kzias@field-ops.org,legacyData,20201217T051217Z,RELEASE-2021
5718dcaa-08b1-472b-add2-c8112e096254,ABBY_064.basePlot.vst,2015-07-31T00:00:00Z,vst_ABBY_2015,D16,ABBY,ABBY_064,23,4,23 _0,FRPU7,Frangula purshiana (DC.) A. Gray,species,NA,NA,3,100,0,76,1.83,NA,shiebert@neoninc.org,kzias@field-ops.org,legacyData,20201217T051217Z,RELEASE-2021
d78eb100-9018-414b-b143-e0194cb95b40,ABBY_064.basePlot.vst,2015-07-31T00:00:00Z,vst_ABBY_2015,D16,ABBY,ABBY_064,23,2,23 _0,VAPA,Vaccinium parvifolium Sm.,species,NA,NA,1,100,0,76,0.9,NA,shiebert@neoninc.org,kzias@field-ops.org,legacyData,20201217T051217Z,RELEASE-2021
a87d78ea-da9d-41b7-ad38-e903b53942d3,ABBY_064.basePlot.vst,2015-07-31T00:00:00Z,vst_ABBY_2015,D16,ABBY,ABBY_064,21,1,21 _1,ACCI,Acer circinatum Pursh,species,NA,NA,7,100,0,19,2.32,NA,shiebert@neoninc.org,kzias@field-ops.org,legacyData,20201217T051217Z,RELEASE-2021
681160fb-d538-4ea3-bab2-99f47e3cb35f,ABBY_064.basePlot.vst,2015-07-31T00:00:00Z,vst_ABBY_2015,D16,ABBY,ABBY_064,21,1,21 _1,FRPU7,Frangula purshiana (DC.) A. Gray,species,NA,NA,70,100,0,19,3.56,NA,shiebert@neoninc.org,kzias@field-ops.org,legacyData,20201217T051217Z,RELEASE-2021
0c5f1c5c-ee2d-4bdf-80f5-8fb3365749f8,ABBY_064.basePlot.vst,2015-07-31T00:00:00Z,vst_ABBY_2015,D16,ABBY,ABBY_064,23,4,23 _0,ACCI,Acer circinatum Pursh,species,NA,NA,10,100,0,76,1.72,no transcription errors found,shiebert@neoninc.org,kzias@field-ops.org,legacyData,20201217T051217Z,RELEASE-2021
4b7fd877-7aa5-47df-9c44-3b3106611e1e,ABBY_064.basePlot.vst,2015-07-31T00:00:00Z,vst_ABBY_2015,D16,ABBY,ABBY_064,21,1,21 _0,GASH,Gaultheria shallon Pursh,species,NA,NA,100,90,10,1,1,NA,shiebert@neoninc.org,kzias@field-ops.org,legacyData,20201217T051217Z,RELEASE-2021
d6196a7d-001b-4d9b-aef6-4618d87499c6,ABBY_064.basePlot.vst,2015-07-31T00:00:00Z,vst_ABBY_2015,D16,ABBY,ABBY_064,23,4,23 _0,PSME,Pseudotsuga menziesii (Mirb.) Franco,species,NA,NA,4,100,0,76,1.3,NA,shiebert@neoninc.org,kzias@field-ops.org,legacyData,20201217T051217Z,RELEASE-2021
d80eb190-b365-452b-97b0-2dae25b10fa1,ABBY_064.basePlot.vst,2015-07-31T00:00:00Z,vst_ABBY_2015,D16,ABBY,ABBY_064,21,4,21 _0,ACCI,Acer circinatum Pursh,species,NA,NA,100,100,0,1,2.28,NA,shiebert@neoninc.org,kzias@field-ops.org,legacyData,20201217T051217Z,RELEASE-2021
90339d91-dbc9-4b49-9b19-4456ef580f4b,ABBY_064.basePlot.vst,2015-07-31T00:00:00Z,vst_ABBY_2015,D16,ABBY,ABBY_064,23,4,23 _0,PSME,Pseudotsuga menziesii (Mirb.) Franco,species,NA,NA,3,100,0,76,1.3,no transcription errors found,shiebert@neoninc.org,kzias@field-ops.org,legacyData,20201217T051217Z,RELEASE-2021
719c082a-49e2-496f-835a-8c777ced946e,ABBY_064.basePlot.vst,2015-07-31T00:00:00Z,vst_ABBY_2015,D16,ABBY,ABBY_064,23,2,23 _0,RUSP,Rubus spectabilis Pursh,species,NA,NA,1,100,0,76,1.07,no transcription errors found,shiebert@neoninc.org,kzias@field-ops.org,legacyData,20201217T051217Z,RELEASE-2021
9bd514bd-077e-4ad4-8e52-21c6002edf52,ABBY_069.basePlot.vst,2015-08-03T00:00:00Z,vst_ABBY_2015,D16,ABBY,ABBY_069,41,4,41 _1,FRPU7,Frangula purshiana (DC.) A. Gray,species,NA,NA,100,100,0,1,1.87,NA,krian@neoninc.org,lwade@field-ops.org,legacyData,20201217T051234Z,RELEASE-2021
4dbdc8b0-db9f-4e9b-85aa-304ac5720882,ABBY_067.basePlot.vst,2015-08-03T00:00:00Z,vst_ABBY_2015,D16,ABBY,ABBY_067,21,1,21 _0,HODI,Holodiscus discolor (Pursh) Maxim.,species,NA,NA,1,100,0,19,1.12,NA,krian@neoninc.org,krian@neoninc.org,legacyData,20201217T051234Z,RELEASE-2021
e6c4f77b-2fe0-4b0a-95ab-f6f8c7289e15,ABBY_069.basePlot.vst,2015-08-03T00:00:00Z,vst_ABBY_2015,D16,ABBY,ABBY_069,41,1,41 _1,COCOC,Corylus cornuta Marshall var. californica (A. DC.) Sharp,variety,NA,NA,100,100,0,1,1.36,NA,krian@neoninc.org,lwade@field-ops.org,legacyData,20201217T051234Z,RELEASE-2021
fdd73a68-528d-4ece-953f-bfe34e523ac0,ABBY_067.basePlot.vst,2015-08-03T00:00:00Z,vst_ABBY_2015,D16,ABBY,ABBY_067,21,1,21 _0,GASH,Gaultheria shallon Pursh,species,NA,NA,99,100,0,19,0.9,NA,krian@neoninc.org,krian@neoninc.org,legacyData,20201217T051234Z,RELEASE-2021
ee31500b-12e1-454b-a8f1-3f1fed3be725,ABBY_069.basePlot.vst,2015-08-03T00:00:00Z,vst_ABBY_2015,D16,ABBY,ABBY_069,41,1,41 _0,HODI,Holodiscus discolor (Pursh) Maxim.,species,NA,NA,100,100,0,4,1.46,NA,krian@neoninc.org,lwade@field-ops.org,legacyData,20201217T051234Z,RELEASE-2021
15927ca9-c65b-4312-8550-dd368a7e9230,ABBY_067.basePlot.vst,2015-08-03T00:00:00Z,vst_ABBY_2015,D16,ABBY,ABBY_067,21,4,21 _0,GASH,Gaultheria shallon Pursh,species,NA,NA,100,100,0,19,0.72,NA,krian@neoninc.org,krian@neoninc.org,legacyData,20201217T051234Z,RELEASE-2021
4d327bf0-9839-4fcc-815d-16ab05875d5f,ABBY_069.basePlot.vst,2015-08-03T00:00:00Z,vst_ABBY_2015,D16,ABBY,ABBY_069,41,1,41 _0,VAPA,Vaccinium parvifolium Sm.,species,NA,NA,100,100,0,4,1.64,NA,krian@neoninc.org,lwade@field-ops.org,legacyData,20201217T051234Z,RELEASE-2021
14456e35-fe86-43d2-9c6d-23ecaca7cd78,ABBY_069.basePlot.vst,2015-08-03T00:00:00Z,vst_ABBY_2015,D16,ABBY,ABBY_069,21,1,21 _0,ACCI,Acer circinatum Pursh,species,NA,NA,100,100,0,1,1.74,NA,krian@neoninc.org,lwade@field-ops.org,legacyData,20201217T051234Z,RELEASE-2021
9dc4abb4-a746-4c78-81ca-197fa44e9f96,ABBY_069.basePlot.vst,2015-08-03T00:00:00Z,vst_ABBY_2015,D16,ABBY,ABBY_069,41,1,41 _0,ACCI,Acer circinatum Pursh,species,NA,NA,90,100,0,4,2.04,NA,krian@neoninc.org,lwade@field-ops.org,legacyData,20201217T051234Z,RELEASE-2021
e5d48ab1-cd27-419b-a399-f299c60d0f9b,ABBY_069.basePlot.vst,2015-08-03T00:00:00Z,vst_ABBY_2015,D16,ABBY,ABBY_069,41,1,41 _0,ACCI,Acer circinatum Pursh,species,NA,NA,100,100,0,4,1.52,NA,krian@neoninc.org,lwade@field-ops.org,legacyData,20201217T051234Z,RELEASE-2021
9d966dc2-fdb9-4c40-b301-f7c5a08f9fd0,ABBY_069.basePlot.vst,2015-08-03T00:00:00Z,vst_ABBY_2015,D16,ABBY,ABBY_069,41,1,41 _0,ACCI,Acer circinatum Pursh,species,NA,NA,100,100,0,4,0.88,no transcription errors found,krian@neoninc.org,lwade@field-ops.org,legacyData,20201217T051234Z,RELEASE-2021
d24ea82f-2752-40a7-8ae0-41b351a0223d,ABBY_069.basePlot.vst,2015-08-03T00:00:00Z,vst_ABBY_2015,D16,ABBY,ABBY_069,21,1,21 _0,ACCI,Acer circinatum Pursh,species,NA,NA,100,100,0,1,2.3,NA,krian@neoninc.org,lwade@field-ops.org,legacyData,20201217T051234Z,RELEASE-2021
0440387b-98a7-46e9-b1f5-e4d88248b4f7,ABBY_069.basePlot.vst,2015-08-03T00:00:00Z,vst_ABBY_2015,D16,ABBY,ABBY_069,41,1,41 _0,PSME,Pseudotsuga menziesii (Mirb.) Franco,species,NA,NA,50,100,0,4,2.1,NA,krian@neoninc.org,lwade@field-ops.org,legacyData,20201217T051234Z,RELEASE-2021
daecf137-9fdf-43f7-8345-2b5e9928b542,ABBY_069.basePlot.vst,2015-08-03T00:00:00Z,vst_ABBY_2015,D16,ABBY,ABBY_069,21,1,21 _0,ACCI,Acer circinatum Pursh,species,NA,NA,100,100,0,1,1.86,NA,krian@neoninc.org,lwade@field-ops.org,legacyData,20201217T051234Z,RELEASE-2021
6e2a0cf9-3173-4266-a03b-a3ac1483db7b,ABBY_067.basePlot.vst,2015-08-03T00:00:00Z,vst_ABBY_2015,D16,ABBY,ABBY_067,21,4,21 _0,GASH,Gaultheria shallon Pursh,species,NA,NA,100,100,0,19,0.84,no transcription errors found,krian@neoninc.org,krian@neoninc.org,legacyData,20201217T051234Z,RELEASE-2021
c6cc1f5c-99d7-47d9-a6bd-ec4a9f20ba5d,ABBY_067.basePlot.vst,2015-08-03T00:00:00Z,vst_ABBY_2015,D16,ABBY,ABBY_067,21,4,21 _0,GASH,Gaultheria shallon Pursh,species,NA,NA,100,100,0,19,0.92,NA,krian@neoninc.org,krian@neoninc.org,legacyData,20201217T051234Z,RELEASE-2021
12ba703f-ed9e-48d9-b84c-0a0228f23e61,ABBY_069.basePlot.vst,2015-08-03T00:00:00Z,vst_ABBY_2015,D16,ABBY,ABBY_069,41,4,41 _1,ACCI,Acer circinatum Pursh,species,NA,NA,100,100,0,1,1.76,NA,krian@neoninc.org,lwade@field-ops.org,legacyData,20201217T051234Z,RELEASE-2021
52eebd3b-12e0-4149-bab0-8a8ad767589f,ABBY_069.basePlot.vst,2015-08-03T00:00:00Z,vst_ABBY_2015,D16,ABBY,ABBY_069,41,4,41 _1,FRPU7,Frangula purshiana (DC.) A. Gray,species,NA,NA,100,100,0,1,1.2,NA,krian@neoninc.org,lwade@field-ops.org,legacyData,20201217T051234Z,RELEASE-2021
690cfeb1-f287-4939-b585-79d99c5c08fb,ABBY_067.basePlot.vst,2015-08-03T00:00:00Z,vst_ABBY_2015,D16,ABBY,ABBY_067,21,4,21 _0,GASH,Gaultheria shallon Pursh,species,NA,NA,100,100,0,19,0.62,NA,krian@neoninc.org,krian@neoninc.org,legacyData,20201217T051234Z,RELEASE-2021
3c2b2904-0a4b-4de3-9fcf-3cba2231ba37,ABBY_069.basePlot.vst,2015-08-03T00:00:00Z,vst_ABBY_2015,D16,ABBY,ABBY_069,21,4,21 _0,COCOC,Corylus cornuta Marshall var. californica (A. DC.) Sharp,variety,NA,NA,100,100,0,1,1.88,no transcription errors found,krian@neoninc.org,lwade@field-ops.org,legacyData,20201217T051234Z,RELEASE-2021
9aff8724-4d9b-4de9-b194-24e75b485190,ABBY_069.basePlot.vst,2015-08-03T00:00:00Z,vst_ABBY_2015,D16,ABBY,ABBY_069,41,1,41 _0,ACCI,Acer circinatum Pursh,species,NA,NA,100,100,0,4,1.48,NA,krian@neoninc.org,lwade@field-ops.org,legacyData,20201217T051234Z,RELEASE-2021
e27cd3cd-30f6-4753-acda-acb0b7179f40,ABBY_069.basePlot.vst,2015-08-03T00:00:00Z,vst_ABBY_2015,D16,ABBY,ABBY_069,41,1,41 _0,ACCI,Acer circinatum Pursh,species,NA,NA,50,100,0,4,2.02,NA,krian@neoninc.org,lwade@field-ops.org,legacyData,20201217T051234Z,RELEASE-2021
80992faa-c302-4ae6-9d83-0e825cc207b8,ABBY_069.basePlot.vst,2015-08-03T00:00:00Z,vst_ABBY_2015,D16,ABBY,ABBY_069,41,1,41 _1,FRPU7,Frangula purshiana (DC.) A. Gray,species,NA,NA,100,100,0,1,1.22,NA,krian@neoninc.org,lwade@field-ops.org,legacyData,20201217T051234Z,RELEASE-2021
7b62cee8-ca33-4cbf-ab4e-351479d83282,ABBY_069.basePlot.vst,2015-08-03T00:00:00Z,vst_ABBY_2015,D16,ABBY,ABBY_069,21,1,21 _0,ACCI,Acer circinatum Pursh,species,NA,NA,100,100,0,1,1.22,NA,krian@neoninc.org,lwade@field-ops.org,legacyData,20201217T051234Z,RELEASE-2021
5a77a175-e6b1-48c8-a670-bcac39b40290,ABBY_069.basePlot.vst,2015-08-03T00:00:00Z,vst_ABBY_2015,D16,ABBY,ABBY_069,41,1,41 _0,VAPA,Vaccinium parvifolium Sm.,species,NA,NA,100,100,0,4,1.4,NA,krian@neoninc.org,lwade@field-ops.org,legacyData,20201217T051234Z,RELEASE-2021
33e429b7-9dd4-4a8b-bc98-54a52eb35fb6,ABBY_069.basePlot.vst,2015-08-03T00:00:00Z,vst_ABBY_2015,D16,ABBY,ABBY_069,41,1,41 _0,RULE,Rubus leucodermis Douglas ex Torr. & A. Gray,species,NA,NA,100,10,90,4,1.53,NA,krian@neoninc.org,lwade@field-ops.org,legacyData,20201217T051234Z,RELEASE-2021
ebf9293e-fdaa-4386-ad20-84588ddd20f6,ABBY_069.basePlot.vst,2015-08-03T00:00:00Z,vst_ABBY_2015,D16,ABBY,ABBY_069,41,1,41 _0,THPL,Thuja plicata Donn ex D. Don,species,NA,NA,10,100,0,4,2.1,NA,krian@neoninc.org,lwade@field-ops.org,legacyData,20201217T051234Z,RELEASE-2021
a4af99bc-9a1e-4cee-94be-afbbdcf17d16,ABBY_005.basePlot.vst,2019-07-25T00:00:00Z,vst_ABBY_2019,D16,ABBY,ABBY_005,40,NA,40_01,RUUR,Rubus ursinus Cham. & Schltdl.,species,NA,NA,4,100,0,15,1.6,NA,0000-0001-9932-2330,0000-0001-8397-9370,NA,20210114T174454Z,RELEASE-2021
0dbe19a2-6125-432d-b7fa-a3e375fa1a1f,ABBY_005.basePlot.vst,2019-07-25T00:00:00Z,vst_ABBY_2019,D16,ABBY,ABBY_005,40,NA,40_01,TSHE,Tsuga heterophylla (Raf.) Sarg.,species,NA,NA,12,100,0,15,1.6,NA,0000-0001-9932-2330,0000-0001-8397-9370,NA,20210114T174454Z,RELEASE-2021
fa192460-b29d-46d6-8c6e-5b043c1fd8de,ABBY_005.basePlot.vst,2019-07-25T00:00:00Z,vst_ABBY_2019,D16,ABBY,ABBY_005,40,NA,40_01,RUPA,Rubus parviflorus Nutt.,species,NA,NA,3,100,0,15,1.6,NA,0000-0001-9932-2330,0000-0001-8397-9370,NA,20210114T174454Z,RELEASE-2021
ec681562-97db-4a50-acb6-b70dea8dd371,ABBY_005.basePlot.vst,2019-07-25T00:00:00Z,vst_ABBY_2019,D16,ABBY,ABBY_005,40,NA,40_01,PSMEM,Pseudotsuga menziesii (Mirb.) Franco var. menziesii,variety,NA,NA,1,100,0,15,1.6,NA,0000-0001-9932-2330,0000-0001-8397-9370,NA,20210114T174454Z,RELEASE-2021
ce453916-a5e8-4b97-8747-8639307719fb,ABBY_005.basePlot.vst,2019-07-25T00:00:00Z,vst_ABBY_2019,D16,ABBY,ABBY_005,40,NA,40_01,RUSP,Rubus spectabilis Pursh,species,NA,NA,1,85,15,15,1.6,NA,0000-0001-9932-2330,0000-0001-8397-9370,NA,20210114T174454Z,RELEASE-2021
7f382765-8dcb-4a21-ae00-f0a534a46036,ABBY_005.basePlot.vst,2019-07-25T00:00:00Z,vst_ABBY_2019,D16,ABBY,ABBY_005,40,NA,40_01,ALRU2,Alnus rubra Bong.,species,NA,NA,1,100,0,15,1.6,NA,0000-0001-9932-2330,0000-0001-8397-9370,NA,20210114T174454Z,RELEASE-2021
bcf6ef9e-9b03-4b45-9a58-a4d7bf765670,ABBY_005.basePlot.vst,2019-07-25T00:00:00Z,vst_ABBY_2019,D16,ABBY,ABBY_005,40,NA,40_01,RUAR9,Rubus armeniacus Focke,species,NA,NA,79,90,10,15,1.6,NA,0000-0001-9932-2330,0000-0001-8397-9370,NA,20210114T174454Z,RELEASE-2021
1c6888ef-1a2f-42d2-bd01-b72ca9826116,ABBY_005.basePlot.vst,2019-10-28T00:00:00Z,vst_ABBY_2019,D16,ABBY,ABBY_005,41,NA,41_01,ABGR,Abies grandis (Douglas ex D. Don) Lindl.,species,NA,NA,1,100,0,60,2.34,NA,0000-0001-9932-2330,0000-0001-8397-9370,NA,20210114T174326Z,RELEASE-2021
c5b33a43-16c2-45ae-ad83-cc6c7289bf74,ABBY_005.basePlot.vst,2019-10-28T00:00:00Z,vst_ABBY_2019,D16,ABBY,ABBY_005,41,NA,41_01,RUSP,Rubus spectabilis Pursh,species,NA,NA,2,100,0,60,2.34,NA,0000-0001-9932-2330,0000-0001-8397-9370,NA,20210114T174326Z,RELEASE-2021
2d8b1400-eefc-400f-8426-d8995babc669,ABBY_005.basePlot.vst,2019-10-28T00:00:00Z,vst_ABBY_2019,D16,ABBY,ABBY_005,41,NA,41_01,FRPU7,Frangula purshiana (DC.) A. Gray,species,NA,NA,2,100,0,60,2.34,NA,0000-0001-9932-2330,0000-0001-8397-9370,NA,20210114T174326Z,RELEASE-2021
cb86c78f-59c5-45a5-bbc1-6442a12bf407,ABBY_005.basePlot.vst,2019-10-28T00:00:00Z,vst_ABBY_2019,D16,ABBY,ABBY_005,41,NA,41_01,RUPA,Rubus parviflorus Nutt.,species,NA,NA,3,98,2,60,2.34,NA,0000-0001-9932-2330,0000-0001-8397-9370,NA,20210114T174326Z,RELEASE-2021
da1c4499-2d7f-4bb8-a7b8-d9cffe7f2696,ABBY_005.basePlot.vst,2019-10-28T00:00:00Z,vst_ABBY_2019,D16,ABBY,ABBY_005,41,NA,41_01,PREM,Prunus emarginata (Douglas ex Hook.) D. Dietr.,species,NA,NA,3,100,0,60,2.34,NA,0000-0001-9932-2330,0000-0001-8397-9370,NA,20210114T174326Z,RELEASE-2021
580227fe-0001-42cb-9357-87d8393f22cb,ABBY_005.basePlot.vst,2019-10-28T00:00:00Z,vst_ABBY_2019,D16,ABBY,ABBY_005,41,NA,41_01,RUUR,Rubus ursinus Cham. & Schltdl.,species,NA,NA,3,99,1,60,2.34,NA,0000-0001-9932-2330,0000-0001-8397-9370,NA,20210114T174326Z,RELEASE-2021
ed9b5d1e-9fd0-4f14-8973-0f0af0153b3f,ABBY_005.basePlot.vst,2019-10-28T00:00:00Z,vst_ABBY_2019,D16,ABBY,ABBY_005,41,NA,41_01,SARA2/SANI4,Sambucus racemosa/nigra,speciesGroup,NA,NA,2,100,0,60,2.34,NA,0000-0001-9932-2330,0000-0001-8397-9370,NA,20210114T174326Z,RELEASE-2021
13fd0328-ef5f-429c-9214-8b5923c33578,ABBY_005.basePlot.vst,2019-10-28T00:00:00Z,vst_ABBY_2019,D16,ABBY,ABBY_005,41,NA,41_01,RUAR9,Rubus armeniacus Focke,species,NA,NA,82,96,4,60,2.34,NA,0000-0001-9932-2330,0000-0001-8397-9370,NA,20210114T174326Z,RELEASE-2021
eca8078f-9234-41cb-ac78-51552e5a27be,ABBY_005.basePlot.vst,2019-10-28T00:00:00Z,vst_ABBY_2019,D16,ABBY,ABBY_005,41,NA,41_01,COSE16,Cornus sericea L.,species,NA,NA,2,100,0,60,2.34,NA,0000-0001-9932-2330,0000-0001-8397-9370,NA,20210114T174326Z,RELEASE-2021
97ae3bc9-d6e5-4337-875d-f58b04c261f3,ABBY_005.basePlot.vst,2019-10-29T00:00:00Z,vst_ABBY_2019,D16,ABBY,ABBY_005,32,NA,32_01,RUUR,Rubus ursinus Cham. & Schltdl.,species,NA,NA,20,95,5,6.5,1.32,NA,0000-0003-1908-4817,0000-0001-9932-2330,NA,20210114T174326Z,RELEASE-2021
90da2566-c8d3-4137-8fec-ee0c83b6a521,ABBY_005.basePlot.vst,2019-10-29T00:00:00Z,vst_ABBY_2019,D16,ABBY,ABBY_005,32,NA,32_01,RUAR9,Rubus armeniacus Focke,species,NA,NA,75,70,30,6.5,1.32,NA,0000-0003-1908-4817,0000-0001-9932-2330,NA,20210114T174326Z,RELEASE-2021
71d05513-8e89-43ae-84df-7586fa048876,ABBY_005.basePlot.vst,2019-10-29T00:00:00Z,vst_ABBY_2019,D16,ABBY,ABBY_005,32,NA,32_01,RUSP,Rubus spectabilis Pursh,species,NA,NA,5,0,100,6.5,1.32,NA,0000-0003-1908-4817,0000-0001-9932-2330,NA,20210114T174326Z,RELEASE-2021
