uid,namedLocation,date,domainID,siteID,plotID,plotType,nlcdClass,decimalLatitude,decimalLongitude,geodeticDatum,coordinateUncertainty,easting,northing,utmZone,elevation,elevationUncertainty,eventID,eventType,dataCollected,samplingProtocolVersion,targetTaxaPresent,treesPresent,treesAbsentList,shrubsPresent,shrubsAbsentList,lianasPresent,lianasAbsentList,nestedSubplotAreaShrubSapling,nestedSubplotAreaLiana,totalSampledAreaTrees,totalSampledAreaShrubSapling,totalSampledAreaLiana,remarks,measuredBy,recordedBy,dataQF,publicationDate,release,subplotsSampled
713d7108-5d57-4ae8-a89f-e1d5280bf1a6,DSNY_001.basePlot.vst,2014-08-12T00:00:00Z,D03,DSNY,DSNY_001,distributed,woodyWetlands,28.0967,-81.418579,WGS84,20.1,458880.85,3107985.14,17N,20.7,0.1,vst_DSNY_2014,NA,NA,NEON.DOC.000987vD,NA,NA,NA,NA,NA,NA,NA,noneSelected,noneSelected,400,400,400,Woody stems mapping establishment; NO TREES; ALSO MEAS - D03AWN13; D03FAV17,D03ALW14,NA,legacyData,20201217T035426Z,RELEASE-2021,NA
a95b86b0-dad4-4157-93f9-d314eea9adac,DSNY_020.basePlot.vst,2014-08-12T00:00:00Z,D03,DSNY,DSNY_020,distributed,woodyWetlands,28.097278,-81.4079,WGS84,20.1,459930.13,3108045.61,17N,20.6,0.1,vst_DSNY_2014,NA,NA,NEON.DOC.000987vD,NA,NA,NA,NA,NA,NA,NA,noneSelected,noneSelected,400,400,400,Woody stems mapping establishment; ALSO: D03FAV17 D03ANW13,D03ALW14,NA,legacyData,20201217T035426Z,RELEASE-2021,NA
cb6732dd-0e19-4ea5-b684-f04925ebe1d7,DSNY_004.basePlot.vst,2014-08-12T00:00:00Z,D03,DSNY,DSNY_004,distributed,woodyWetlands,28.099732,-81.399974,WGS84,20.1,460709.63,3108314.87,17N,18.8,0.1,vst_DSNY_2014,NA,NA,NEON.DOC.000987vD,NA,NA,NA,NA,NA,NA,NA,noneSelected,noneSelected,400,400,400,Woody stems mapping establishment; no overstory in plot,D03ALW14,NA,legacyData,20201217T035426Z,RELEASE-2021,NA
e34cc374-c6e9-4249-abab-f66ae419b258,DSNY_027.basePlot.vst,2014-08-12T00:00:00Z,D03,DSNY,DSNY_027,distributed,woodyWetlands,28.09214,-81.405133,WGS84,20.1,460200.05,3107475.52,17N,20.7,0.1,vst_DSNY_2014,NA,NA,NEON.DOC.000987vD,NA,NA,NA,NA,NA,NA,NA,noneSelected,noneSelected,400,400,400,Woody stems mapping establishment; ALSO: D03ALW14,D03FAV17,NA,legacyData,20201217T035426Z,RELEASE-2021,NA
2c924439-2230-474e-8e20-e2e758cb8b57,DSNY_006.basePlot.vst,2014-08-12T00:00:00Z,D03,DSNY,DSNY_006,distributed,woodyWetlands,28.092969,-81.399332,WGS84,20.1,460770.24,3107565.47,17N,20.7,0.1,vst_DSNY_2014,NA,NA,NEON.DOC.000987vD,NA,NA,NA,NA,NA,NA,NA,noneSelected,noneSelected,400,400,400,Woody stems mapping establishment; ALSO MEAS:D03FAV17; D03AWN13,D03ALW14,NA,legacyData,20201217T035426Z,RELEASE-2021,NA
1f68b4ad-4068-4e7b-adcd-ac0c1c227231,DSNY_012.basePlot.vst,2014-08-12T00:00:00Z,D03,DSNY,DSNY_012,distributed,woodyWetlands,28.102984,-81.406399,WGS84,20.1,460079.69,3108677.21,17N,20.2,0.1,vst_DSNY_2014,NA,NA,NEON.DOC.000987vD,NA,NA,NA,NA,NA,NA,NA,noneSelected,noneSelected,400,400,400,Woody stems mapping establishment; ALSO MEAS: D03FAV17; D03FNW13,D03ALW14,NA,legacyData,20201217T035426Z,RELEASE-2021,NA
587ed9b5-fe97-417d-9bc5-c35ad220baa5,DSNY_010.basePlot.vst,2014-08-13T00:00:00Z,D03,DSNY,DSNY_010,distributed,woodyWetlands,28.11859,-81.435161,WGS84,20.1,457260.58,3110415.8,17N,20,0.1,vst_DSNY_2014,NA,NA,NEON.DOC.000987vD,NA,NA,NA,NA,NA,NA,NA,noneSelected,noneSelected,400,400,400,Woody stems mapping establishment;,D03ALW14,NA,legacyData,20201217T035426Z,RELEASE-2021,NA
0af2fc44-0e23-4b2e-8dcf-5c6cbe8b588f,DSNY_030.basePlot.vst,2014-08-13T00:00:00Z,D03,DSNY,DSNY_030,distributed,woodyWetlands,28.110538,-81.406725,WGS84,NA,460050.47,3109514.14,17N,19.4,NA,vst_DSNY_2014,NA,NA,NEON.DOC.000987vD,NA,NA,NA,NA,NA,NA,NA,25,noneSelected,400,200,400,Woody stems mapping establishment; listed as 5x5 subplot for shrubs; well over 30 sap and sms; nested subplots need to be corrected,D03ALW14,NA,legacyData,20201217T035426Z,RELEASE-2021,NA
5b922d86-c0b8-4204-80b1-a76fcf5b2900,DSNY_029.basePlot.vst,2014-08-13T00:00:00Z,D03,DSNY,DSNY_029,distributed,woodyWetlands,28.11643,-81.42752,WGS84,NA,458010.2,3110173.86,17N,19.5,NA,vst_DSNY_2014,NA,NA,NEON.DOC.000987vD,NA,NA,NA,NA,NA,NA,NA,noneSelected,noneSelected,400,400,400,Woody stems mapping establishment;,D03ALW14,NA,legacyData,20201217T035426Z,RELEASE-2021,NA
2ee15a70-2e57-48d6-9fba-f0eaeaf13d65,DSNY_015.basePlot.vst,2014-08-13T00:00:00Z,D03,DSNY,DSNY_015,distributed,woodyWetlands,28.111847,-81.42168,WGS84,20.1,458582.04,3109664.15,17N,20.8,0.1,vst_DSNY_2014,NA,NA,NEON.DOC.000987vD,NA,NA,NA,NA,NA,NA,NA,noneSelected,noneSelected,400,400,400,Woody stems mapping establishment;,D03ALW14,NA,legacyData,20201217T035426Z,RELEASE-2021,NA
d138ed61-43e6-4e28-9333-c90539015bfc,DSNY_009.basePlot.vst,2014-08-18T00:00:00Z,D03,DSNY,DSNY_009,distributed,pastureHay,28.073118,-81.428559,WGS84,20.1,457891.25,3105376.18,17N,19,0.1,vst_DSNY_2014,NA,NA,NEON.DOC.000987vD,NA,NA,NA,NA,NA,NA,NA,noneSelected,noneSelected,400,400,400,Woody stems mapping establishment; no woody stems; rubus and saw palm only - pasture,D03GJA05,NA,legacyData,20201217T035426Z,RELEASE-2021,NA
02fefc5f-651c-465a-a3a9-b788f07ee7d9,DSNY_039.basePlot.vst,2014-08-19T00:00:00Z,D03,DSNY,DSNY_039,distributed,pastureHay,28.07231,-81.423976,WGS84,NA,458341.26,3105285.1,17N,19.5,NA,vst_DSNY_2014,NA,NA,NEON.DOC.000987vD,NA,NA,NA,NA,NA,NA,NA,noneSelected,noneSelected,400,400,400,Woody stems mapping establishment; NE and SW plot markers missing; no markers are marekd with plot ID or direction,D03ESP24,NA,legacyData,20201217T035426Z,RELEASE-2021,NA
47dd4ff7-16f8-4651-bf4f-21eafb9a0e4a,DSNY_074.basePlot.vst,2014-08-19T00:00:00Z,D03,DSNY,DSNY_074,distributed,pastureHay,28.066655,-81.416933,WGS84,NA,459031.14,3104656.26,17N,20.1,NA,vst_DSNY_2014,NA,NA,NEON.DOC.000987vD,NA,NA,NA,NA,NA,NA,NA,noneSelected,noneSelected,400,400,400,Woody stems mapping establishment; no woody stems - pasture - grass and saw palm; needs to be reestablished- center not marked no other corners found,D03GJA05,NA,legacyData,20201217T035426Z,RELEASE-2021,NA
48790ae0-b2e7-4012-a05a-6b858c61bb4c,DSNY_034.basePlot.vst,2014-08-19T00:00:00Z,D03,DSNY,DSNY_034,distributed,pastureHay,28.063937,-81.418449,WGS84,20.1,458881.14,3104355.67,17N,19.5,0.1,vst_DSNY_2014,NA,NA,NEON.DOC.000987vD,NA,NA,NA,NA,NA,NA,NA,noneSelected,noneSelected,400,400,400,Woody stems mapping establishment; SW and SE plot markers are broken,D03GJA05,NA,legacyData,20201217T035426Z,RELEASE-2021,NA
e19ea35e-ecc6-4954-936b-d4a33be33188,DSNY_021.basePlot.vst,2014-08-20T00:00:00Z,D03,DSNY,DSNY_021,distributed,pastureHay,28.052638,-81.393374,WGS84,20.1,461341.12,3103095.79,17N,19.8,0.1,vst_DSNY_2014,NA,NA,NEON.DOC.000987vD,NA,NA,NA,NA,NA,NA,NA,noneSelected,noneSelected,400,400,400,Woody stems mapping establishment; SW stake missing nw stake broken,D03GJA05,NA,legacyData,20201217T035426Z,RELEASE-2021,NA
6b24d7b1-a331-4afb-90c9-f3b635b076a2,DSNY_003.basePlot.vst,2014-08-20T00:00:00Z,D03,DSNY,DSNY_003,distributed,woodyWetlands,28.074209,-81.425532,WGS84,20.1,458189.1,3105496,17N,18.9,0.1,vst_DSNY_2014,NA,NA,NEON.DOC.000987vD,NA,NA,NA,NA,NA,NA,NA,10,noneSelected,400,80,400,Woody stems mapping establishment;,D03GJA05,NA,legacyData,20201217T035426Z,RELEASE-2021,NA
36937cdf-9d50-44b8-8dc6-a89401b964f9,DSNY_014.basePlot.vst,2014-08-20T00:00:00Z,D03,DSNY,DSNY_014,distributed,woodyWetlands,28.063373,-81.428518,WGS84,20.1,457891.48,3104296.64,17N,18,0.1,vst_DSNY_2014,NA,NA,NEON.DOC.000987vD,NA,NA,NA,NA,NA,NA,NA,noneSelected,noneSelected,400,400,400,Woody stems mapping establishment;,D03GJA05,NA,legacyData,20201217T035426Z,RELEASE-2021,NA
abf07ef3-fb97-4d3c-b634-bcd3dbabf334,DSNY_018.basePlot.vst,2014-08-20T00:00:00Z,D03,DSNY,DSNY_018,distributed,woodyWetlands,28.061213,-81.426376,WGS84,20.1,458101.13,3104056.62,17N,17.5,0.1,vst_DSNY_2014,NA,NA,NEON.DOC.000987vD,NA,NA,NA,NA,NA,NA,NA,noneSelected,noneSelected,400,400,400,Woody stems mapping establishment;,D03GJA05,NA,legacyData,20201217T035426Z,RELEASE-2021,NA
f2da43d9-db4f-432f-bd7d-7fef6972a1ae,DSNY_013.basePlot.vst,2014-08-25T00:00:00Z,D03,DSNY,DSNY_013,distributed,woodyWetlands,28.110482,-81.425956,WGS84,20.1,458161.51,3109514.4,17N,20,0.1,vst_DSNY_2014,NA,NA,NEON.DOC.000987vD,NA,NA,NA,NA,NA,NA,NA,noneSelected,noneSelected,400,400,400,Woody stems mapping establishment;,D03ESP24,NA,legacyData,20201217T035426Z,RELEASE-2021,NA
bb1f861b-0773-4612-8a9a-64d32daad50c,DSNY_038.basePlot.vst,2014-08-26T00:00:00Z,D03,DSNY,DSNY_038,distributed,pastureHay,28.058337,-81.389433,WGS84,NA,461730.44,3103725.86,17N,19.2,NA,vst_DSNY_2014,NA,NA,NEON.DOC.000987vD,NA,NA,NA,NA,NA,NA,NA,noneSelected,noneSelected,400,400,400,Woody stems mapping establishment;,D03ESP24,NA,legacyData,20201217T035426Z,RELEASE-2021,NA
9b4a1787-c602-4a32-a3e7-a008e29f8d84,DSNY_036.basePlot.vst,2014-08-26T00:00:00Z,D03,DSNY,DSNY_036,distributed,pastureHay,28.060517,-81.384553,WGS84,20.1,462210.76,3103965.83,17N,19.6,0.1,vst_DSNY_2014,NA,NA,NEON.DOC.000987vD,NA,NA,NA,NA,NA,NA,NA,noneSelected,noneSelected,400,400,400,Woody stems mapping establishment; NO WOODY STEMS - PASTURE- FERNS GRASS,D03ESP24,NA,legacyData,20201217T035426Z,RELEASE-2021,NA
4af8d6d3-f7f4-4384-957d-63aa63d2e7b7,DSNY_005.basePlot.vst,2014-08-27T00:00:00Z,D03,DSNY,DSNY_005,distributed,woodyWetlands,28.039641,-81.393323,WGS84,20.1,461341.48,3101656,17N,19.5,0.1,vst_DSNY_2014,NA,NA,NEON.DOC.000987vD,NA,NA,NA,NA,NA,NA,NA,10,noneSelected,400,80,400,Woody stems mapping establishment; ALSO MEAS: D03ESP24; D03TRA11,D03MLK24,NA,legacyData,20201217T035426Z,RELEASE-2021,NA
8690c142-2d2e-4fbf-bb75-0559fd8af1f6,DSNY_011.basePlot.vst,2014-08-27T00:00:00Z,D03,DSNY,DSNY_011,distributed,woodyWetlands,28.070798,-81.383974,WGS84,20.2,462271.25,3105104.56,17N,20.2,0.6,vst_DSNY_2014,NA,NA,NEON.DOC.000987vD,NA,NA,NA,NA,NA,NA,NA,noneSelected,noneSelected,400,400,400,Woody stems mapping establishment;,D03ESP24,NA,legacyData,20201217T035426Z,RELEASE-2021,NA
871c16fc-5325-426d-a759-e675d83fd300,DSNY_008.basePlot.vst,2014-08-27T00:00:00Z,D03,DSNY,DSNY_008,distributed,woodyWetlands,28.046662,-81.401888,WGS84,20.1,460502.21,3102436.51,17N,19,0.1,vst_DSNY_2014,NA,NA,NEON.DOC.000987vD,NA,NA,NA,NA,NA,NA,NA,noneSelected,noneSelected,400,400,400,Woody stems mapping establishment; ALSO MEAS: D03ESP24; D03KMB14,D03MLK24,NA,legacyData,20201217T035426Z,RELEASE-2021,NA
2ea94c21-52b0-475f-868b-0e01b35b4f31,DSNY_016.basePlot.vst,2014-08-28T00:00:00Z,D03,DSNY,DSNY_016,distributed,pastureHay,28.043948,-81.393638,WGS84,20.1,461312.06,3102133.21,17N,19.7,0.1,vst_DSNY_2014,NA,NA,NEON.DOC.000987vD,NA,NA,NA,NA,NA,NA,NA,noneSelected,noneSelected,400,400,400,Woody stems mapping establishment; ALSO: D03MLK24 D03ESP24,D03KMB14,NA,legacyData,20201217T035426Z,RELEASE-2021,NA
86e9002f-a5f1-4ac9-b857-9192258ff0a4,DSNY_024.basePlot.vst,2014-09-02T00:00:00Z,D03,DSNY,DSNY_024,distributed,woodyWetlands,28.045531,-81.418683,WGS84,20.1,458851.14,3102316.78,17N,17.6,0.1,vst_DSNY_2014,NA,NA,NEON.DOC.000987vD,NA,NA,NA,NA,NA,NA,NA,noneSelected,noneSelected,400,400,400,Woody stems mapping establishment; tried to use nested subplot - didn't work; ferns in plot - also:D03MLK24 D03BCZ01; half data recoreded 20140903,D03JAK04,NA,legacyData,20201217T035409Z,RELEASE-2021,NA
5d2dd182-6099-42b3-a7dd-a58504f21f6d,DSNY_035.basePlot.vst,2014-09-03T00:00:00Z,D03,DSNY,DSNY_035,distributed,woodyWetlands,28.068347,-81.388232,WGS84,NA,461852,3104834.37,17N,19.4,NA,vst_DSNY_2014,NA,NA,NEON.DOC.000987vD,NA,NA,NA,NA,NA,NA,NA,noneSelected,noneSelected,400,400,400,Woody stems mapping establishment; ALSO: D03MLK24 D03BCZ01; no stems,D03JAK04,NA,legacyData,20201217T035409Z,RELEASE-2021,NA
b9c74475-74f5-4a63-9256-ffaa9076d7e0,DSNY_032.basePlot.vst,2014-09-03T00:00:00Z,D03,DSNY,DSNY_032,distributed,woodyWetlands,28.058866,-81.3931,WGS84,NA,461370.27,3103785.62,17N,19.5,NA,vst_DSNY_2014,NA,NA,NEON.DOC.000987vD,NA,NA,NA,NA,NA,NA,NA,10,noneSelected,400,80,400,Woody stems mapping establishment;FERNS PRESENT; nothing in 30-4; ALSO: D03MLK24 D03BCZ01,D03JAK04,NA,legacyData,20201217T035409Z,RELEASE-2021,NA
9ec3eb44-7e78-4343-8361-b156ee1de37d,DSNY_026.basePlot.vst,2014-09-04T00:00:00Z,D03,DSNY,DSNY_026,distributed,woodyWetlands,28.119977,-81.42356,WGS84,20.2,458400.52,3110565.43,17N,18.9,0.8,vst_DSNY_2014,NA,NA,NEON.DOC.000987vD,NA,NA,NA,NA,NA,NA,NA,noneSelected,noneSelected,400,400,400,Woody stems mapping establishment; ALSO: D03MLK24 D03BCZ01; nothing in subplot 40; ferns present,D03JAK04,NA,legacyData,20201217T035409Z,RELEASE-2021,NA
b29fd75a-6f34-4048-a2a4-5c06d23ac3e2,DSNY_019.basePlot.vst,2014-09-04T00:00:00Z,D03,DSNY,DSNY_019,distributed,woodyWetlands,28.074836,-81.394674,WGS84,20.1,461221.33,3105555.24,17N,20.7,0.1,vst_DSNY_2014,NA,NA,NEON.DOC.000987vD,NA,NA,NA,NA,NA,NA,NA,noneSelected,noneSelected,400,400,400,Woody stems mapping establishment; ALSO: D03MLK24 D03BCZ01; no trees in 31,D03JAK04,NA,legacyData,20201217T035409Z,RELEASE-2021,NA
988937ed-b0e1-4efc-924b-9204d0bdbec3,DSNY_033.basePlot.vst,2014-09-04T00:00:00Z,D03,DSNY,DSNY_033,distributed,woodyWetlands,28.07808,-81.398665,WGS84,NA,460830.36,3105915.88,17N,19.5,NA,vst_DSNY_2014,NA,NA,NEON.DOC.000987vD,NA,NA,NA,NA,NA,NA,NA,noneSelected,noneSelected,400,400,400,"Woody stems mapping establishment; ALSO: D03MLK24 D03BCZ01; ferns in plot, not PTAQ",D03JAK04,NA,legacyData,20201217T035409Z,RELEASE-2021,NA
d62c1016-a398-41aa-882d-528b1537bd9e,DSNY_022.basePlot.vst,2014-09-04T00:00:00Z,D03,DSNY,DSNY_022,distributed,woodyWetlands,28.083234,-81.39226,WGS84,20.1,461461.51,3106484.79,17N,20.4,0.1,vst_DSNY_2014,NA,NA,NEON.DOC.000987vD,NA,NA,NA,NA,NA,NA,NA,noneSelected,noneSelected,400,400,400,Woody stems mapping establishment; ALSO: D03MLK24 D03BCZ01,D03JAK04,NA,legacyData,20201217T035409Z,RELEASE-2021,NA
e73ce5b1-1412-451a-8679-10f9ef3f1bc7,DSNY_073.basePlot.vst,2014-09-09T00:00:00Z,D03,DSNY,DSNY_073,distributed,woodyWetlands,28.066944,-81.408994,WGS84,NA,459811.37,3104685.63,17N,21.2,NA,vst_DSNY_2014,NA,NA,NEON.DOC.000987vD,NA,NA,NA,NA,NA,NA,NA,10,noneSelected,400,80,400,Woody stems mapping establishment; also D03FAV28,D03GJA05,NA,legacyData,20201217T035409Z,RELEASE-2021,NA
15a429b3-98e5-48b2-af6d-0d12b123f6a5,DSNY_017.basePlot.vst,2014-09-09T00:00:00Z,D03,DSNY,DSNY_017,distributed,woodyWetlands,28.058282,-81.402874,WGS84,20.1,460409.56,3103724.07,17N,20.1,0.1,vst_DSNY_2014,NA,NA,NEON.DOC.000987vD,NA,NA,NA,NA,NA,NA,NA,noneSelected,noneSelected,400,400,400,Woody stems mapping establishment; also: D03FAV28,D03GJA05,NA,legacyData,20201217T035409Z,RELEASE-2021,NA
d1a2bd99-c7cc-4c5b-a9cf-e5200957bdf2,DSNY_037.basePlot.vst,2014-09-24T00:00:00Z,D03,DSNY,DSNY_037,distributed,pastureHay,28.044794,-81.392123,WGS84,20.1,461461.26,3102226.45,17N,19.8,0.1,vst_DSNY_2014,NA,NA,NEON.DOC.000987vD,NA,NA,NA,NA,NA,NA,NA,noneSelected,noneSelected,400,400,400,Woody stems mapping establishment; no woody stems,D03TRA11,NA,legacyData,20201217T035409Z,RELEASE-2021,NA
b788e903-9d81-418a-856d-fcf330002a47,DSNY_002.basePlot.vst,2014-09-24T00:00:00Z,D03,DSNY,DSNY_002,distributed,woodyWetlands,28.048244,-81.416879,WGS84,20.1,459029.47,3102616.71,17N,17.7,0.1,vst_DSNY_2014,NA,NA,NEON.DOC.000987vD,NA,NA,NA,NA,NA,NA,NA,noneSelected,noneSelected,400,400,400,Woody stems mapping establishment; ALSO MEASE: D03TRA11,D03ALW14,NA,legacyData,20201217T035409Z,RELEASE-2021,NA
8ab68a89-bd3f-4881-a51c-a091be281884,DSNY_023.basePlot.vst,2014-10-14T00:00:00Z,D03,DSNY,DSNY_023,distributed,woodyWetlands,28.094781,-81.423147,WGS84,20.1,458431.37,3107774.11,17N,19.5,0.1,vst_DSNY_2014,NA,NA,NEON.DOC.000987vD,NA,NA,NA,NA,NA,NA,NA,noneSelected,noneSelected,400,400,400,Woody stems mapping establishment;,D03TRA11,NA,legacyData,20201217T035441Z,RELEASE-2021,NA
30056b8c-f8af-470b-9a5d-8875e3a6161b,DSNY_028.basePlot.vst,2014-10-14T00:00:00Z,D03,DSNY,DSNY_028,distributed,woodyWetlands,28.103705,-81.429596,WGS84,NA,457801.32,3108764.92,17N,19.3,NA,vst_DSNY_2014,NA,NA,NEON.DOC.000987vD,NA,NA,NA,NA,NA,NA,NA,noneSelected,noneSelected,400,400,400,Woody stems mapping establishment; also D03TRA11,D03ALW14,NA,legacyData,20201217T035441Z,RELEASE-2021,NA
2df61e9b-0fe5-4948-b438-534391524130,DSNY_013.basePlot.vst,2014-10-15T00:00:00Z,D03,DSNY,DSNY_013,distributed,woodyWetlands,28.110482,-81.425956,WGS84,20.1,458161.51,3109514.4,17N,20,0.1,vst_DSNY_2014,NA,NA,NEON.DOC.000987vD,NA,NA,NA,NA,NA,NA,NA,noneSelected,noneSelected,400,400,400,NA,D03ALW14,NA,legacyData,20201217T035441Z,RELEASE-2021,NA
9ce22604-6723-4923-9075-e6fec2e6bf65,DSNY_031.basePlot.vst,2014-10-15T00:00:00Z,D03,DSNY,DSNY_031,distributed,woodyWetlands,28.108612,-81.418314,WGS84,NA,458911.42,3109304.64,17N,20.4,NA,vst_DSNY_2014,NA,NA,NEON.DOC.000987vD,NA,NA,NA,NA,NA,NA,NA,noneSelected,noneSelected,400,400,400,Woody stems mapping establishment; also D03TRA11,D03ALW14,NA,legacyData,20201217T035441Z,RELEASE-2021,NA
81863aa4-4db7-4f04-b2a9-0d0052541916,DSNY_026.basePlot.vst,2014-10-21T00:00:00Z,D03,DSNY,DSNY_026,distributed,woodyWetlands,28.119977,-81.42356,WGS84,20.2,458400.52,3110565.43,17N,18.9,0.8,vst_DSNY_2014,NA,NA,NEON.DOC.000987vD,NA,NA,NA,NA,NA,NA,NA,noneSelected,noneSelected,400,400,400,Other vegetation structure measurements; also D03ALW14 and D03TSB28,D03JAK04,NA,legacyData,20201217T035441Z,RELEASE-2021,NA
d4fbda3f-ed58-4456-b937-8a6bb45a84f2,DSNY_017.basePlot.vst,2016-11-01T00:00:00Z,D03,DSNY,DSNY_017,distributed,woodyWetlands,28.058282,-81.402874,WGS84,20.1,460409.56,3103724.07,17N,20.1,0.1,vst_DSNY_2016,NA,NA,NEON.DOC.000987vE,Y,Y,NA,Y,NA,N,NA,noneSelected,noneSelected,400,400,400,completing mapping and tagging that was unfinished from 2014,mkerstein@neoninc.org,jeells@BattelleEcology.org,NA,20201217T154317Z,RELEASE-2021,NA
9a60591e-8ef2-4cbc-b3d5-12f174a3f2ce,DSNY_004.basePlot.vst,2016-11-02T00:00:00Z,D03,DSNY,DSNY_004,distributed,woodyWetlands,28.099732,-81.399974,WGS84,20.1,460709.63,3108314.87,17N,18.8,0.1,vst_DSNY_2016,NA,NA,NEON.DOC.000987vE,Y,Y,NA,Y,NA,N,NA,10,noneSelected,400,80,400,completing mapping and tagging that was unfinished from 2014,mkerstein@neoninc.org,kross@BattelleEcology.org,NA,20201217T154317Z,RELEASE-2021,NA
6d74ccb8-f40b-4eca-90dc-c65604c666fd,DSNY_025.basePlot.vst,2016-11-16T00:00:00Z,D03,DSNY,DSNY_025,distributed,pastureHay,28.071776,-81.42062,WGS84,20.1,458670.81,3105224.8,17N,19.9,0.1,vst_DSNY_2016,NA,NA,NEON.DOC.000987vE,Y,Y,NA,Y,NA,N,NA,noneSelected,noneSelected,400,400,400,NA,rmoritz@field-ops.org,kludwig@field-ops.org,NA,20201217T154317Z,RELEASE-2021,NA
1951145c-f803-4ab9-ba22-379ac40705e7,DSNY_007.basePlot.vst,2016-11-16T00:00:00Z,D03,DSNY,DSNY_007,distributed,woodyWetlands,28.053114,-81.417507,WGS84,20.1,458969.6,3103156.41,17N,17.8,0.1,vst_DSNY_2016,NA,NA,NEON.DOC.000987vE,Y,Y,NA,Y,NA,N,NA,noneSelected,noneSelected,400,400,400,completing mapping and tagging that was unfinished from 2014,rmoritz@field-ops.org,agonzalez@field-ops.org,NA,20201217T154317Z,RELEASE-2021,NA
8ddfbca0-c9eb-4d3a-b98a-c87c3dca9a91,DSNY_013.basePlot.vst,2016-11-16T00:00:00Z,D03,DSNY,DSNY_013,distributed,woodyWetlands,28.110482,-81.425956,WGS84,20.1,458161.51,3109514.4,17N,20,0.1,vst_DSNY_2016,NA,NA,NEON.DOC.000987vE,Y,Y,NA,Y,NA,N,NA,25,noneSelected,400,200,400,completing mapping and tagging that was unfinished from 2014,rmoritz@field-ops.org,kludwig@field-ops.org,NA,20201217T154317Z,RELEASE-2021,NA
8e05d24d-303e-4f62-8e99-cf9876f76807,DSNY_001.basePlot.vst,2017-05-10T00:00:00Z,D03,DSNY,DSNY_001,distributed,woodyWetlands,28.0967,-81.418579,WGS84,20.1,458880.85,3107985.14,17N,20.7,0.1,vst_DSNY_2017,NA,NA,NEON.DOC.000987vE,Y,N,NA,N,NA,N,NA,noneSelected,noneSelected,400,400,400,Duplicate tags were created for 21 individuals in DSNY_001 which have been marked as attention needed,kross@field-ops.org,jrossi@field-ops.org,NA,20210114T174316Z,RELEASE-2021,31 | 32 |  40 | 41
2d0b5c85-ac16-460d-a092-2f6e63ea3d3d,DSNY_021.basePlot.vst,2017-05-11T00:00:00Z,D03,DSNY,DSNY_021,distributed,pastureHay,28.052638,-81.393374,WGS84,20.1,461341.12,3103095.79,17N,19.8,0.1,vst_DSNY_2017,NA,NA,NEON.DOC.000987vE,N,NA,NA,NA,NA,NA,NA,noneSelected,noneSelected,400,400,400,Palms present in insufficient quantity (<50%),jrossi@field-ops.org,kross@BattelleEcology.org,NA,20210114T174316Z,RELEASE-2021,31 | 32 |  40 | 41
a66ae2d5-4cb0-497b-93ad-11f268c667c7,DSNY_034.basePlot.vst,2017-05-11T00:00:00Z,D03,DSNY,DSNY_034,distributed,pastureHay,28.063937,-81.418449,WGS84,20.1,458881.14,3104355.67,17N,19.5,0.1,vst_DSNY_2017,NA,NA,NEON.DOC.000987vE,Y,Y,NA,N,NA,N,NA,noneSelected,noneSelected,400,400,400,NA,jrossi@field-ops.org,kross@BattelleEcology.org,NA,20210114T174316Z,RELEASE-2021,31 | 32 |  40 | 41
b24602e5-8951-496e-be79-3af909ac9a28,DSNY_016.basePlot.vst,2017-05-11T00:00:00Z,D03,DSNY,DSNY_016,distributed,pastureHay,28.043948,-81.393638,WGS84,20.1,461312.06,3102133.21,17N,19.7,0.1,vst_DSNY_2017,NA,NA,NEON.DOC.000987vG,N,NA,NA,NA,NA,NA,NA,noneSelected,noneSelected,400,400,400,Palms present in an insufficient quantity (<50% cover),jrossi@field-ops.org,kross@BattelleEcology.org,NA,20210114T174316Z,RELEASE-2021,31 | 32 |  40 | 41
8f1f3b0f-d28a-43f3-b1af-dd811a24794e,DSNY_005.basePlot.vst,2017-05-16T00:00:00Z,D03,DSNY,DSNY_005,distributed,woodyWetlands,28.039641,-81.393323,WGS84,20.1,461341.48,3101656,17N,19.5,0.1,vst_DSNY_2017,NA,NA,NEON.DOC.000987vE,Y,N,NA,N,NA,N,NA,noneSelected,noneSelected,400,400,400,NA,smatlick@field-ops.org,dbyerley@field-ops.org,NA,20210114T174316Z,RELEASE-2021,31 | 32 |  40 | 41
e15ba039-2608-4ff3-9382-0b4a3623027c,DSNY_017.basePlot.vst,2017-05-17T00:00:00Z,D03,DSNY,DSNY_017,distributed,woodyWetlands,28.058282,-81.402874,WGS84,20.1,460409.56,3103724.07,17N,20.1,0.1,vst_DSNY_2017,NA,NA,NEON.DOC.000987vE,Y,N,NA,N,NA,N,NA,noneSelected,noneSelected,400,400,400,NA,smatlick@field-ops.org,dbyerley@field-ops.org,NA,20210114T174316Z,RELEASE-2021,31 | 32 |  40 | 41
f4788261-4d0d-424d-9e2f-f0899be5d0de,DSNY_025.basePlot.vst,2017-05-17T00:00:00Z,D03,DSNY,DSNY_025,distributed,pastureHay,28.071776,-81.42062,WGS84,20.1,458670.81,3105224.8,17N,19.9,0.1,vst_DSNY_2017,NA,NA,NEON.DOC.000987vE,N,NA,NA,NA,NA,NA,NA,noneSelected,noneSelected,400,400,400,NA,dbyerley@field-ops.org,smatlick@field-ops.org,NA,20210114T174316Z,RELEASE-2021,31 | 32 |  40 | 41
36e6bc6f-86c1-4650-b637-9716d844024b,DSNY_008.basePlot.vst,2017-05-18T00:00:00Z,D03,DSNY,DSNY_008,distributed,woodyWetlands,28.046662,-81.401888,WGS84,20.1,460502.21,3102436.51,17N,19,0.1,vst_DSNY_2017,NA,NA,NEON.DOC.000987vE,Y,Y,NA,Y,NA,N,NA,noneSelected,noneSelected,400,400,400,NA,smatlick@field-ops.org,dbyerley@field-ops.org,NA,20210114T174316Z,RELEASE-2021,31 | 32 |  40 | 41
753a4e12-5a2a-40bc-9aa1-547eb496cb8b,DSNY_007.basePlot.vst,2017-05-23T00:00:00Z,D03,DSNY,DSNY_007,distributed,woodyWetlands,28.053114,-81.417507,WGS84,20.1,458969.6,3103156.41,17N,17.8,0.1,vst_DSNY_2017,NA,NA,NEON.DOC.000987vE,Y,N,NA,N,NA,N,NA,noneSelected,noneSelected,400,400,400,NA,dbyerley@field-ops.org,jrossi@field-ops.org,NA,20210114T174316Z,RELEASE-2021,31 | 32 |  40 | 41
6bb4b229-8017-40a6-b16b-ba111e449b83,DSNY_002.basePlot.vst,2017-05-23T00:00:00Z,D03,DSNY,DSNY_002,distributed,woodyWetlands,28.048244,-81.416879,WGS84,20.1,459029.47,3102616.71,17N,17.7,0.1,vst_DSNY_2017,NA,NA,NEON.DOC.000987vE,Y,Y,NA,Y,NA,N,NA,noneSelected,noneSelected,400,400,400,NA,jlewis@battelleecology.org,mkerstein@neoninc.org,NA,20210114T174316Z,RELEASE-2021,31 | 32 |  40 | 41
35cd9b54-1469-49fc-8336-4ca2b51474d7,DSNY_009.basePlot.vst,2017-05-24T00:00:00Z,D03,DSNY,DSNY_009,distributed,pastureHay,28.073118,-81.428559,WGS84,20.1,457891.25,3105376.18,17N,19,0.1,vst_DSNY_2017,NA,NA,NEON.DOC.000987vE,N,NA,NA,NA,NA,NA,NA,noneSelected,noneSelected,400,400,400,Palms present but less than 50% of cover,dbyerley@field-ops.org,jrossi@field-ops.org,NA,20210114T174316Z,RELEASE-2021,31 | 32 |  40 | 41
7019fff2-b81d-4f19-9746-8bdcb444246f,DSNY_003.basePlot.vst,2017-05-24T00:00:00Z,D03,DSNY,DSNY_003,distributed,woodyWetlands,28.074209,-81.425532,WGS84,20.1,458189.1,3105496,17N,18.9,0.1,vst_DSNY_2017,NA,NA,NEON.DOC.000987vE,Y,N,NA,N,NA,N,NA,noneSelected,noneSelected,400,400,400,NA,dbyerley@field-ops.org,jrossi@field-ops.org,NA,20210114T174316Z,RELEASE-2021,31 | 32 |  40 | 41
4e3053b1-5564-416f-b045-2b1b33164ca3,DSNY_011.basePlot.vst,2017-05-24T00:00:00Z,D03,DSNY,DSNY_011,distributed,woodyWetlands,28.070798,-81.383974,WGS84,20.2,462271.25,3105104.56,17N,20.2,0.6,vst_DSNY_2017,NA,NA,NEON.DOC.000987vE,N,NA,NA,NA,NA,NA,NA,noneSelected,noneSelected,400,400,400,Canopy Cover- does not qualify for VST other measurement,mkerstein@neoninc.org,jlewis@battelleecology.org,NA,20210114T174316Z,RELEASE-2021,31 | 32 |  40 | 41
eb075f4a-a4dd-4f81-ae34-b12120811a2e,DSNY_014.basePlot.vst,2017-05-24T00:00:00Z,D03,DSNY,DSNY_014,distributed,woodyWetlands,28.063373,-81.428518,WGS84,20.1,457891.48,3104296.64,17N,18,0.1,vst_DSNY_2017,NA,NA,NEON.DOC.000987vE,Y,Y,NA,Y,NA,N,NA,noneSelected,noneSelected,400,400,400,NA,sknowlden@battelleecology.org,kmartin@battelleecology.org,NA,20210114T174316Z,RELEASE-2021,31 | 32 |  40 | 41
82161c2a-8daf-475e-aff2-b2f8a7004c61,DSNY_004.basePlot.vst,2017-05-25T00:00:00Z,D03,DSNY,DSNY_004,distributed,woodyWetlands,28.099732,-81.399974,WGS84,20.1,460709.63,3108314.87,17N,18.8,0.1,vst_DSNY_2017,NA,NA,NEON.DOC.000987vE,Y,N,NA,N,NA,N,NA,noneSelected,noneSelected,400,400,400,NA,dbyerley@field-ops.org,jrossi@field-ops.org,NA,20210114T174316Z,RELEASE-2021,31 | 32 |  40 | 41
2413262b-a387-4a9b-b319-0709425442f2,DSNY_006.basePlot.vst,2017-05-25T00:00:00Z,D03,DSNY,DSNY_006,distributed,woodyWetlands,28.092969,-81.399332,WGS84,20.1,460770.24,3107565.47,17N,20.7,0.1,vst_DSNY_2017,NA,NA,NEON.DOC.000987vE,Y,Y,NA,Y,NA,N,NA,noneSelected,noneSelected,400,400,400,Question about how cactus location is recorded in Presence/Absence (Nested subplot or other or new option). Question about totalAreaSampledOther when cacti are found (80 or 400).,sknowlden@battelleecology.org,kmartin@battelleecology.org,NA,20210114T174316Z,RELEASE-2021,31 | 32 |  40 | 41
40d4e02a-42a2-4ca0-a590-d5764373c37c,DSNY_013.basePlot.vst,2017-05-30T00:00:00Z,D03,DSNY,DSNY_013,distributed,woodyWetlands,28.110482,-81.425956,WGS84,20.1,458161.51,3109514.4,17N,20,0.1,vst_DSNY_2017,NA,NA,NEON.DOC.000987vE,Y,N,NA,N,NA,N,NA,noneSelected,noneSelected,400,400,400,NA,smatlick@field-ops.org,ebaldwin@battelleecology.org,NA,20210114T174316Z,RELEASE-2021,31 | 32 |  40 | 41
f8477b76-c7e0-4ef6-9c54-22a082eefa0e,DSNY_012.basePlot.vst,2017-05-30T00:00:00Z,D03,DSNY,DSNY_012,distributed,woodyWetlands,28.102984,-81.406399,WGS84,20.1,460079.69,3108677.21,17N,20.2,0.1,vst_DSNY_2017,NA,NA,NEON.DOC.000987vE,Y,N,NA,N,NA,N,NA,noneSelected,noneSelected,400,400,400,NA,smatlick@field-ops.org,ebaldwin@battelleecology.org,NA,20210114T174316Z,RELEASE-2021,31 | 32 |  40 | 41
5195d371-518a-4c92-ab41-f75a69ed460f,DSNY_015.basePlot.vst,2017-05-30T00:00:00Z,D03,DSNY,DSNY_015,distributed,woodyWetlands,28.111847,-81.42168,WGS84,20.1,458582.04,3109664.15,17N,20.8,0.1,vst_DSNY_2017,NA,NA,NEON.DOC.000987vE,Y,N,NA,N,NA,N,NA,noneSelected,noneSelected,400,400,400,NA,smatlick@field-ops.org,ebaldwin@battelleecology.org,NA,20210114T174316Z,RELEASE-2021,31 | 32 |  40 | 41
eec94773-0dbf-4ae1-89b1-658a8255b940,DSNY_010.basePlot.vst,2017-05-30T00:00:00Z,D03,DSNY,DSNY_010,distributed,woodyWetlands,28.11859,-81.435161,WGS84,20.1,457260.58,3110415.8,17N,20,0.1,vst_DSNY_2017,NA,NA,NEON.DOC.000987vE,Y,N,NA,N,NA,N,NA,noneSelected,noneSelected,400,400,400,NA,smatlick@field-ops.org,ebaldwin@battelleecology.org,NA,20210114T174316Z,RELEASE-2021,31 | 32 |  40 | 41
8074c6ac-eee4-46b6-b86a-a59a3aece351,DSNY_017.basePlot.vst,2018-01-02T00:00:00Z,D03,DSNY,DSNY_017,distributed,woodyWetlands,28.058282,-81.402874,WGS84,20.1,460409.56,3103724.07,17N,20.1,0.1,vst_DSNY_2017,NA,NA,NEON.DOC.000987vG,Y,N,NA,Y,NA,N,NA,noneSelected,noneSelected,400,400,400,NA,dbyerley@field-ops.org,jlewis@battelleecology.org,NA,20210114T174429Z,RELEASE-2021,31 | 32 |  40 | 41
ea55088f-a263-4aca-9339-dc41d2b41236,DSNY_004.basePlot.vst,2018-01-04T00:00:00Z,D03,DSNY,DSNY_004,distributed,woodyWetlands,28.099732,-81.399974,WGS84,20.1,460709.63,3108314.87,17N,18.8,0.1,vst_DSNY_2017,NA,NA,NEON.DOC.000987vG,Y,N,NA,Y,NA,N,NA,10,noneSelected,400,80,400,NA,smatlick@battelleecology.org,jmiller@battelleecology.org,NA,20210114T174429Z,RELEASE-2021,31 | 32 |  40 | 41
84cb587f-7cdc-4c39-b9eb-74e6f901ee6f,DSNY_001.basePlot.vst,2018-01-05T00:00:00Z,D03,DSNY,DSNY_001,distributed,woodyWetlands,28.0967,-81.418579,WGS84,20.1,458880.85,3107985.14,17N,20.7,0.1,vst_DSNY_2017,NA,NA,NEON.DOC.000987vG,Y,N,NA,Y,31,N,NA,noneSelected,noneSelected,400,400,400,NA,dbyerley@field-ops.org,jlewis@battelleecology.org,NA,20210114T174429Z,RELEASE-2021,31 | 32 |  40 | 41
b282e42e-4326-43ae-a9d8-1b80113a1806,DSNY_005.basePlot.vst,2018-01-09T00:00:00Z,D03,DSNY,DSNY_005,distributed,woodyWetlands,28.039641,-81.393323,WGS84,20.1,461341.48,3101656,17N,19.5,0.1,vst_DSNY_2017,NA,NA,NEON.DOC.000987vG,Y,N,32|41,Y,32_2,N,NA,10,10,400,80,80,NA,dbyerley@field-ops.org,jlewis@battelleecology.org,NA,20210114T174429Z,RELEASE-2021,31 | 32 |  40 | 41
b5748bae-181f-432a-b11c-f93f179e81b7,DSNY_003.basePlot.vst,2018-01-11T00:00:00Z,D03,DSNY,DSNY_003,distributed,woodyWetlands,28.074209,-81.425532,WGS84,20.1,458189.1,3105496,17N,18.9,0.1,vst_DSNY_2017,NA,NA,NEON.DOC.000987vG,Y,Y,31|32|40,Y,32_2,N,NA,10,noneSelected,400,80,400,NA,mkerstein@neoninc.org,sdixon@battelleecology.org,NA,20210114T174429Z,RELEASE-2021,31 | 32 |  40 | 41
2e3fa5d2-781b-4374-8e27-b2c448edae5d,DSNY_016.basePlot.vst,2018-01-11T00:00:00Z,D03,DSNY,DSNY_016,distributed,pastureHay,28.043948,-81.393638,WGS84,20.1,461312.06,3102133.21,17N,19.7,0.1,vst_DSNY_2017,NA,NA,NEON.DOC.000987vG,Y,N,NA,Y,40|41,N,NA,noneSelected,noneSelected,400,400,400,NA,dbyerley@field-ops.org,jlewis@battelleecology.org,NA,20210114T174429Z,RELEASE-2021,31 | 32 |  40 | 41
adcf3767-ed41-4cd9-bac0-a545165179e7,DSNY_011.basePlot.vst,2018-01-15T00:00:00Z,D03,DSNY,DSNY_011,distributed,woodyWetlands,28.070798,-81.383974,WGS84,20.2,462271.25,3105104.56,17N,20.2,0.6,vst_DSNY_2017,NA,NA,NEON.DOC.000987vG,Y,Y,NA,Y,32,Y,31|40,noneSelected,noneSelected,400,400,400,NA,sknowlden@battelleecology.org,jlewis@battelleecology.org,NA,20210114T174429Z,RELEASE-2021,31 | 32 |  40 | 41
d0864505-82bb-4a66-8d34-d31e2f79a720,DSNY_013.basePlot.vst,2018-01-16T00:00:00Z,D03,DSNY,DSNY_013,distributed,woodyWetlands,28.110482,-81.425956,WGS84,20.1,458161.51,3109514.4,17N,20,0.1,vst_DSNY_2017,NA,NA,NEON.DOC.000987vG,Y,Y,31|32,Y,32_4|40_1,N,NA,10,noneSelected,400,80,400,NA,sknowlden@battelleecology.org,ebaldwin@battelleecology.org,NA,20210114T174429Z,RELEASE-2021,31 | 32 |  40 | 41
7da5dd11-595d-43a3-934d-9605c7a9b29b,DSNY_006.basePlot.vst,2018-01-16T00:00:00Z,D03,DSNY,DSNY_006,distributed,woodyWetlands,28.092969,-81.399332,WGS84,20.1,460770.24,3107565.47,17N,20.7,0.1,vst_DSNY_2017,NA,NA,NEON.DOC.000987vG,Y,Y,40,Y,NA,N,NA,noneSelected,noneSelected,400,400,400,NA,kmcmahon@battelleecology.org,mkerstein@neoninc.org,NA,20210114T174429Z,RELEASE-2021,31 | 32 |  40 | 41
bd778099-5b5f-46d2-8e8c-5a488feda3a5,DSNY_012.basePlot.vst,2018-01-16T00:00:00Z,D03,DSNY,DSNY_012,distributed,woodyWetlands,28.102984,-81.406399,WGS84,20.1,460079.69,3108677.21,17N,20.2,0.1,vst_DSNY_2017,NA,NA,NEON.DOC.000987vG,Y,Y,40|41,Y,NA,N,NA,noneSelected,noneSelected,400,400,400,NA,kmcmahon@battelleecology.org,mkerstein@neoninc.org,NA,20210114T174429Z,RELEASE-2021,31 | 32 |  40 | 41
e3b238ca-904f-43d7-b055-6bf27871509b,DSNY_014.basePlot.vst,2018-01-17T00:00:00Z,D03,DSNY,DSNY_014,distributed,woodyWetlands,28.063373,-81.428518,WGS84,20.1,457891.48,3104296.64,17N,18,0.1,vst_DSNY_2017,NA,NA,NEON.DOC.000987vG,Y,Y,40|41,Y,31_1|31_4|40_1,N,NA,25,noneSelected,400,200,400,NA,kmcmahon@battelleecology.org,mkerstein@neoninc.org,NA,20210114T174429Z,RELEASE-2021,31 | 32 |  40 | 41
4d59119d-2eb9-47a1-aac5-a63c8928d4b8,DSNY_034.basePlot.vst,2018-01-17T00:00:00Z,D03,DSNY,DSNY_034,distributed,pastureHay,28.063937,-81.418449,WGS84,20.1,458881.14,3104355.67,17N,19.5,0.1,vst_DSNY_2017,NA,NA,NEON.DOC.000987vG,Y,Y,32|41,Y,32,N,NA,noneSelected,noneSelected,400,400,400,NA,kmcmahon@battelleecology.org,mkerstein@neoninc.org,NA,20210114T174429Z,RELEASE-2021,31 | 32 |  40 | 41
fea8fe69-f6fb-4b21-ba7b-92acc03a3a52,DSNY_025.basePlot.vst,2018-01-17T00:00:00Z,D03,DSNY,DSNY_025,distributed,pastureHay,28.071776,-81.42062,WGS84,20.1,458670.81,3105224.8,17N,19.9,0.1,vst_DSNY_2017,NA,NA,NEON.DOC.000987vG,Y,Y,presentInAll,Y,32|40|41,N,NA,noneSelected,noneSelected,400,400,400,NA,kmcmahon@battelleecology.org,mkerstein@neoninc.org,NA,20210114T174429Z,RELEASE-2021,31 | 32 |  40 | 41
d4eaee30-3e38-47e0-819a-3930e346b664,DSNY_015.basePlot.vst,2018-01-17T00:00:00Z,D03,DSNY,DSNY_015,distributed,woodyWetlands,28.111847,-81.42168,WGS84,20.1,458582.04,3109664.15,17N,20.8,0.1,vst_DSNY_2017,NA,NA,NEON.DOC.000987vG,Y,Y,31|32|40,Y,32_4|40_1|40_3|41_4,N,NA,10,noneSelected,400,80,400,NA,ebaldwin@battelleecology.org,sknowlden@battelleecology.org,NA,20210114T174429Z,RELEASE-2021,31 | 32 |  40 | 41
d437a372-756f-4532-b4ad-6adeb4926676,DSNY_009.basePlot.vst,2018-01-17T00:00:00Z,D03,DSNY,DSNY_009,distributed,pastureHay,28.073118,-81.428559,WGS84,20.1,457891.25,3105376.18,17N,19,0.1,vst_DSNY_2017,NA,NA,NEON.DOC.000987vG,Y,N,NA,Y,32|40|41,N,NA,noneSelected,noneSelected,400,400,400,NA,kmcmahon@battelleecology.org,mkerstein@neoninc.org,NA,20210114T174429Z,RELEASE-2021,31 | 32 |  40 | 41
14733e83-18de-4eeb-af8f-8c0b93c92c83,DSNY_007.basePlot.vst,2018-01-18T00:00:00Z,D03,DSNY,DSNY_007,distributed,woodyWetlands,28.053114,-81.417507,WGS84,20.1,458969.6,3103156.41,17N,17.8,0.1,vst_DSNY_2017,NA,NA,NEON.DOC.000987vG,Y,Y,32|40|41,Y,NA,N,NA,noneSelected,noneSelected,400,400,400,NA,kmcmahon@battelleecology.org,mkerstein@neoninc.org,NA,20210114T174429Z,RELEASE-2021,31 | 32 |  40 | 41
850c1418-ca63-4806-a913-04d9be521e7f,DSNY_010.basePlot.vst,2018-01-18T00:00:00Z,D03,DSNY,DSNY_010,distributed,woodyWetlands,28.11859,-81.435161,WGS84,20.1,457260.58,3110415.8,17N,20,0.1,vst_DSNY_2017,NA,NA,NEON.DOC.000987vG,Y,Y,31|40,N,NA,N,NA,noneSelected,noneSelected,400,400,400,NA,ebaldwin@battelleecology.org,sknowlden@battelleecology.org,NA,20210114T174429Z,RELEASE-2021,31 | 32 |  40 | 41
543babbf-d835-4cb5-98fa-7c87507a4a79,DSNY_021.basePlot.vst,2018-01-18T00:00:00Z,D03,DSNY,DSNY_021,distributed,pastureHay,28.052638,-81.393374,WGS84,20.1,461341.12,3103095.79,17N,19.8,0.1,vst_DSNY_2017,NA,NA,NEON.DOC.000987vG,Y,N,NA,Y,31|41,N,NA,noneSelected,noneSelected,400,400,400,NA,ebaldwin@battelleecology.org,sknowlden@battelleecology.org,NA,20210114T174429Z,RELEASE-2021,31 | 32 |  40 | 41
75e45299-355c-4927-922a-0112a4cd68ec,DSNY_002.basePlot.vst,2018-01-18T00:00:00Z,D03,DSNY,DSNY_002,distributed,woodyWetlands,28.048244,-81.416879,WGS84,20.1,459029.47,3102616.71,17N,17.7,0.1,vst_DSNY_2017,NA,NA,NEON.DOC.000987vG,Y,Y,40,Y,presentInAll,N,NA,noneSelected,noneSelected,400,400,400,NA,kmcmahon@battelleecology.org,mkerstein@neoninc.org,NA,20210114T174429Z,RELEASE-2021,31 | 32 |  40 | 41
903f20be-1b09-442d-b675-354d700aa6da,DSNY_008.basePlot.vst,2018-01-18T00:00:00Z,D03,DSNY,DSNY_008,distributed,woodyWetlands,28.046662,-81.401888,WGS84,20.1,460502.21,3102436.51,17N,19,0.1,vst_DSNY_2017,NA,NA,NEON.DOC.000987vG,Y,Y,32,Y,40,N,NA,noneSelected,noneSelected,400,400,400,NA,ebaldwin@battelleecology.org,sknowlden@battelleecology.org,NA,20210114T174429Z,RELEASE-2021,31 | 32 |  40 | 41
2c91ed50-d8d7-4924-a332-1d169d839ba2,DSNY_020.basePlot.vst,2018-05-01T00:00:00Z,D03,DSNY,DSNY_020,distributed,woodyWetlands,28.097278,-81.4079,WGS84,20.1,459930.13,3108045.61,17N,20.6,0.1,vst_DSNY_2017,NA,NA,NEON.DOC.000987vG,Y,Y,32|40|41,Y,40_1|41_4,N,NA,10,noneSelected,400,80,400,NA,jmiller@battelleecology.org,dbyerley@field-ops.org,NA,20210114T174426Z,RELEASE-2021,31 | 32 |  40 | 41
f077d5f2-1d5e-4af6-8728-c487ae870494,DSNY_019.basePlot.vst,2018-05-02T00:00:00Z,D03,DSNY,DSNY_019,distributed,woodyWetlands,28.074836,-81.394674,WGS84,20.1,461221.33,3105555.24,17N,20.7,0.1,vst_DSNY_2017,NA,NA,NEON.DOC.000987vG,Y,Y,31|32,Y,presentInAll,N,NA,noneSelected,noneSelected,400,400,400,NA,jmiller@battelleecology.org,jlewis@battelleecology.org,NA,20210114T174426Z,RELEASE-2021,31 | 32 |  40 | 41
381315e2-a71e-44f2-868a-0110fa6ec3de,DSNY_018.basePlot.vst,2018-05-03T00:00:00Z,D03,DSNY,DSNY_018,distributed,woodyWetlands,28.061213,-81.426376,WGS84,20.1,458101.13,3104056.62,17N,17.5,0.1,vst_DSNY_2017,NA,NA,NEON.DOC.000987vG,Y,Y,32,Y,41_4,N,NA,10,noneSelected,400,80,400,NA,jmiller@battelleecology.org,jlewis@battelleecology.org,NA,20210114T174426Z,RELEASE-2021,31 | 32 |  40 | 41
e34c9a3c-331d-4d69-a06f-0b4258d1fee9,ABBY_063.basePlot.vst,2015-07-23T00:00:00Z,D16,ABBY,ABBY_063,tower,evergreenForest,45.760513,-122.330039,WGS84,20.1,552099.96,5067657.64,10N,362.2,0.1,vst_ABBY_2015,NA,NA,NEON.DOC.000987vD,NA,NA,NA,NA,NA,NA,NA,noneSelected,noneSelected,800,800,800,ferns only counted not measured,krian@neoninc.org,krian@neoninc.org,legacyData,20201217T051217Z,RELEASE-2021,NA
3abe58a8-3a24-4117-a796-131350f1cc33,ABBY_068.basePlot.vst,2015-07-25T00:00:00Z,D16,ABBY,ABBY_068,tower,evergreenForest,45.76051,-122.328493,WGS84,20.1,552220.18,5067658.31,10N,365.4,0.1,vst_ABBY_2015,NA,NA,NEON.DOC.000987vD,NA,NA,NA,NA,NA,NA,NA,25,noneSelected,800,100,800,Fern nested subplot size of 1 square meter; ferns only counted not measured,krian@neoninc.org,krian@neoninc.org,legacyData,20201217T051217Z,RELEASE-2021,NA
c7c16682-5898-44d9-b840-7fd303da0b75,ABBY_068.basePlot.vst,2015-07-25T00:00:00Z,D16,ABBY,ABBY_068,tower,evergreenForest,45.76051,-122.328493,WGS84,20.1,552220.18,5067658.31,10N,365.4,0.1,vst_ABBY_2015,NA,NA,NEON.DOC.000987vD,NA,NA,NA,NA,NA,NA,NA,25,noneSelected,800,100,800,Fern nested subplot size of 1 square meter; ferns only counted not measured,shiebert@neoninc.org,krian@neoninc.org,legacyData,20201217T051217Z,RELEASE-2021,NA
aa835df5-2828-486c-ae61-ed687b848a91,ABBY_065.basePlot.vst,2015-07-27T00:00:00Z,D16,ABBY,ABBY_065,tower,grasslandHerbaceous,45.762196,-122.333084,WGS84,20.1,551861.6,5067842.64,10N,357,0.1,vst_ABBY_2015,NA,NA,NEON.DOC.000987vD,NA,NA,NA,NA,NA,NA,NA,25,noneSelected,800,100,800,Fern nested subplot size of 10 square meters; ferns only counted not measured,shiebert@neoninc.org,krian@neoninc.org,legacyData,20201217T051217Z,RELEASE-2021,NA
d47623b8-5f5f-4136-bd85-750d9af7ee37,ABBY_065.basePlot.vst,2015-07-27T00:00:00Z,D16,ABBY,ABBY_065,tower,grasslandHerbaceous,45.762196,-122.333084,WGS84,20.1,551861.6,5067842.64,10N,357,0.1,vst_ABBY_2015,NA,NA,NEON.DOC.000987vD,NA,NA,NA,NA,NA,NA,NA,25,noneSelected,800,100,800,Fern nested subplot size of 10 square meters; ferns only counted not measured; no transcription errors found,shiebert@neoninc.org,krian@neoninc.org,legacyData,20201217T051217Z,RELEASE-2021,NA
a66d02eb-6f3f-459c-bbdb-54e3c9d7d059,ABBY_067.basePlot.vst,2015-07-27T00:00:00Z,D16,ABBY,ABBY_067,tower,evergreenForest,45.760563,-122.331558,WGS84,20.1,551981.78,5067662.2,10N,359.9,0.1,vst_ABBY_2015,NA,NA,NEON.DOC.000987vD,NA,NA,NA,NA,NA,NA,NA,25,noneSelected,800,100,800,Fern nested subplot size of 1 square meter; ferns only counted not measured,lwade@field-ops.org,krian@neoninc.org,legacyData,20201217T051217Z,RELEASE-2021,NA
5578fb94-6323-4737-bfca-4bab549ef129,ABBY_066.basePlot.vst,2015-07-28T00:00:00Z,D16,ABBY,ABBY_066,tower,evergreenForest,45.763502,-122.329984,WGS84,20.1,552101.45,5067989.76,10N,360.2,0.1,vst_ABBY_2015,NA,NA,NEON.DOC.000987vD,NA,NA,NA,NA,NA,NA,NA,100,noneSelected,800,400,800,Fern nested subplot size of 100 square meters; ferns only counted not measured,krian@neoninc.org,krian@neoninc.org,legacyData,20201217T051217Z,RELEASE-2021,NA
a90b1782-8ed5-4853-a7eb-8fbdf60c7b2a,ABBY_070.basePlot.vst,2015-07-29T00:00:00Z,D16,ABBY,ABBY_070,tower,evergreenForest,45.761334,-122.330793,WGS84,20.1,552040.56,5067748.36,10N,363.1,0.1,vst_ABBY_2015,NA,NA,NEON.DOC.000987vD,NA,NA,NA,NA,NA,NA,NA,100,noneSelected,800,400,800,Fern nested subplot size of 1 square meter; ferns only counted not measured,kzias@field-ops.org,krian@neoninc.org,legacyData,20201217T051217Z,RELEASE-2021,NA
ab5048b8-1c54-4f97-a04f-3c40fec132ce,ABBY_070.basePlot.vst,2015-07-29T00:00:00Z,D16,ABBY,ABBY_070,tower,evergreenForest,45.761334,-122.330793,WGS84,20.1,552040.56,5067748.36,10N,363.1,0.1,vst_ABBY_2015,NA,NA,NEON.DOC.000987vD,NA,NA,NA,NA,NA,NA,NA,100,noneSelected,800,400,800,Fern nested subplot size of 1 square meter; ferns only counted not measured,lwade@field-ops.org,krian@neoninc.org,legacyData,20201217T051217Z,RELEASE-2021,NA
9615a7c4-9154-47fb-bdaa-1988d31f3827,ABBY_061.basePlot.vst,2015-07-29T00:00:00Z,D16,ABBY,ABBY_061,tower,evergreenForest,45.762451,-122.331158,WGS84,20.1,552011.14,5067872.22,10N,362.8,0.1,vst_ABBY_2015,NA,NA,NEON.DOC.000987vD,NA,NA,NA,NA,NA,NA,NA,100,noneSelected,800,400,800,Fern nested subplot size of 1 square meter; ferns only counted not measured,kzias@field-ops.org,krian@neoninc.org,legacyData,20201217T051217Z,RELEASE-2021,NA
155f1bf0-98d9-4185-801d-ee7e5316150f,ABBY_061.basePlot.vst,2015-07-29T00:00:00Z,D16,ABBY,ABBY_061,tower,evergreenForest,45.762451,-122.331158,WGS84,20.1,552011.14,5067872.22,10N,362.8,0.1,vst_ABBY_2015,NA,NA,NEON.DOC.000987vD,NA,NA,NA,NA,NA,NA,NA,100,noneSelected,800,400,800,Fern nested subplot size of 1 square meter; ferns only counted not measured,krian@neoninc.org,krian@neoninc.org,legacyData,20201217T051217Z,RELEASE-2021,NA
e613a701-9b1b-4e32-b859-ae1ac8d24f61,ABBY_062.basePlot.vst,2015-07-30T00:00:00Z,D16,ABBY,ABBY_062,tower,evergreenForest,45.763476,-122.328069,WGS84,20.1,552250.39,5067988.12,10N,342.2,0.2,vst_ABBY_2015,NA,NA,NEON.DOC.000987vD,NA,NA,NA,NA,NA,NA,NA,25,noneSelected,800,100,800,Fern nested subplot size of 10 square meters; ferns only counted not measured; no transcription errors found,shiebert@neoninc.org,krian@neoninc.org,legacyData,20201217T051217Z,RELEASE-2021,NA
11cd4b63-abf7-46e6-baaa-f9d6c70b2775,ABBY_062.basePlot.vst,2015-07-30T00:00:00Z,D16,ABBY,ABBY_062,tower,evergreenForest,45.763476,-122.328069,WGS84,20.1,552250.39,5067988.12,10N,342.2,0.2,vst_ABBY_2015,NA,NA,NEON.DOC.000987vD,NA,NA,NA,NA,NA,NA,NA,25,noneSelected,800,100,800,Fern nested subplot size of 10 square meters; ferns only counted not measured,shiebert@neoninc.org,krian@neoninc.org,legacyData,20201217T051217Z,RELEASE-2021,NA
8e41e18c-7df4-4779-b700-a51323b3c8a2,ABBY_064.basePlot.vst,2015-07-31T00:00:00Z,D16,ABBY,ABBY_064,tower,grasslandHerbaceous,45.762429,-122.328467,WGS84,20.1,552220.42,5067871.53,10N,361.1,0.1,vst_ABBY_2015,NA,NA,NEON.DOC.000987vD,NA,NA,NA,NA,NA,NA,NA,100,noneSelected,800,400,800,Fern nested subplot size of 10 square meters; ferns only counted not measured,krian@neoninc.org,krian@neoninc.org,legacyData,20201217T051217Z,RELEASE-2021,NA
092a0df7-3c40-4f65-80b8-2275d9408419,ABBY_064.basePlot.vst,2015-07-31T00:00:00Z,D16,ABBY,ABBY_064,tower,grasslandHerbaceous,45.762429,-122.328467,WGS84,20.1,552220.42,5067871.53,10N,361.1,0.1,vst_ABBY_2015,NA,NA,NEON.DOC.000987vD,NA,NA,NA,NA,NA,NA,NA,100,noneSelected,800,400,800,Fern nested subplot size of 10 square meters; ferns only counted not measured,shiebert@neoninc.org,krian@neoninc.org,legacyData,20201217T051217Z,RELEASE-2021,NA
0c7fe84f-47e8-4a95-83ff-39541920c099,ABBY_069.basePlot.vst,2015-08-03T00:00:00Z,D16,ABBY,ABBY_069,tower,grasslandHerbaceous,45.761584,-122.327321,WGS84,20.1,552310.32,5067778.4,10N,368.2,0.2,vst_ABBY_2015,NA,NA,NEON.DOC.000987vD,NA,NA,NA,NA,NA,NA,NA,100,noneSelected,800,400,800,Fern nested subplot size of 10 square meters; ferns only counted not measured,shiebert@neoninc.org,krian@neoninc.org,legacyData,20201217T051234Z,RELEASE-2021,NA
833bbe95-0e74-459a-a8c3-f412760b81f5,ABBY_069.basePlot.vst,2015-08-03T00:00:00Z,D16,ABBY,ABBY_069,tower,grasslandHerbaceous,45.761584,-122.327321,WGS84,20.1,552310.32,5067778.4,10N,368.2,0.2,vst_ABBY_2015,NA,NA,NEON.DOC.000987vD,NA,NA,NA,NA,NA,NA,NA,100,noneSelected,800,400,800,Fern nested subplot size of 10 square meters; ferns only counted not measured,lwade@field-ops.org,krian@neoninc.org,legacyData,20201217T051234Z,RELEASE-2021,NA
827461a1-85a4-4438-9cea-cb5c006bf46a,ABBY_075.basePlot.vst,2016-08-02T00:00:00Z,D16,ABBY,ABBY_075,tower,shrubScrub,45.762125,-122.323463,WGS84,20.1,552609.83,5067841.04,10N,343.6,0.1,vst_ABBY_2016,NA,NA,NEON.DOC.000987vE,Y,Y,presentInAll,Y,NA,N,NA,25,noneSelected,800,100,800,NA,bgorzek@field-ops.org,ndeweese@field-ops.org,NA,20201217T155452Z,RELEASE-2021,NA
d88a6438-fbc1-4f6c-89fe-d22504d36a30,ABBY_070.basePlot.vst,2016-08-15T00:00:00Z,D16,ABBY,ABBY_070,tower,evergreenForest,45.761334,-122.330793,WGS84,20.1,552040.56,5067748.36,10N,363.1,0.1,vst_ABBY_2016,NA,NA,NEON.DOC.000987vE,Y,Y,NA,Y,NA,N,NA,100,noneSelected,800,400,800,NA,vschmitt@field-ops.org,blangworthy@field-ops.org,NA,20201217T155452Z,RELEASE-2021,NA
de6f3fb7-a2b0-477e-9875-8841805350c8,ABBY_061.basePlot.vst,2016-08-16T00:00:00Z,D16,ABBY,ABBY_061,tower,evergreenForest,45.762451,-122.331158,WGS84,20.1,552011.14,5067872.22,10N,362.8,0.1,vst_ABBY_2016,NA,NA,NEON.DOC.000987vE,Y,Y,NA,Y,NA,N,NA,100,noneSelected,800,400,800,NA,bcarroll@neoninc.org,wsalas@field-ops.org,NA,20201217T155452Z,RELEASE-2021,NA
7d9d215a-03a0-49df-a687-2b29265785c3,ABBY_069.basePlot.vst,2016-08-23T00:00:00Z,D16,ABBY,ABBY_069,tower,grasslandHerbaceous,45.761584,-122.327321,WGS84,20.1,552310.32,5067778.4,10N,368.2,0.2,vst_ABBY_2016,NA,NA,NEON.DOC.000987vE,Y,Y,presentInAll,Y,presentInAll,N,NA,100,noneSelected,800,400,800,NA,wsalas@field-ops.org,blangworthy@field-ops.org,NA,20201217T155452Z,RELEASE-2021,NA
0276a36f-3984-4eca-95df-6e0ef258897f,ABBY_068.basePlot.vst,2016-08-25T00:00:00Z,D16,ABBY,ABBY_068,tower,evergreenForest,45.76051,-122.328493,WGS84,20.1,552220.18,5067658.31,10N,365.4,0.1,vst_ABBY_2016,NA,NA,NEON.DOC.000987vE,Y,Y,presentInAll,Y,presentInAll,N,NA,25,noneSelected,800,100,800,NA,wsalas@field-ops.org,bgorzek@field-ops.org,NA,20201217T155452Z,RELEASE-2021,NA
4cc5efbf-47fc-4da9-83db-b9b6e0b92d68,ABBY_064.basePlot.vst,2016-08-25T00:00:00Z,D16,ABBY,ABBY_064,tower,grasslandHerbaceous,45.762429,-122.328467,WGS84,20.1,552220.42,5067871.53,10N,361.1,0.1,vst_ABBY_2016,NA,NA,NEON.DOC.000987vE,Y,Y,presentInAll,Y,presentInAll,N,NA,25,noneSelected,800,100,800,subplot size reduced from last year,wsalas@field-ops.org,bgorzek@field-ops.org,NA,20201217T155452Z,RELEASE-2021,NA
f89646d4-e61b-439c-805b-df7e8807ea12,ABBY_067.basePlot.vst,2016-08-31T00:00:00Z,D16,ABBY,ABBY_067,tower,evergreenForest,45.760563,-122.331558,WGS84,20.1,551981.78,5067662.2,10N,359.9,0.1,vst_ABBY_2016,NA,NA,NEON.DOC.000987vE,Y,Y,presentInAll,Y,presentInAll,N,NA,25,noneSelected,800,100,800,NA,vschmitt@field-ops.org,wsalas@field-ops.org,NA,20201217T155452Z,RELEASE-2021,NA
d0b5919f-f96c-4a4b-99df-b1f26904f12c,ABBY_065.basePlot.vst,2016-08-31T00:00:00Z,D16,ABBY,ABBY_065,tower,grasslandHerbaceous,45.762196,-122.333084,WGS84,20.1,551861.6,5067842.64,10N,357,0.1,vst_ABBY_2016,NA,NA,NEON.DOC.000987vE,Y,Y,presentInAll,Y,presentInAll,N,NA,100,noneSelected,800,400,800,NA,wsalas@field-ops.org,vschmitt@field-ops.org,NA,20201217T155452Z,RELEASE-2021,NA
97feb802-0235-4af8-ba76-4d493bbadb02,ABBY_073.basePlot.vst,2016-09-01T00:00:00Z,D16,ABBY,ABBY_073,tower,evergreenForest,45.762944,-122.324601,WGS84,20.1,552520.56,5067931.28,10N,336.5,0.1,vst_ABBY_2016,NA,NA,NEON.DOC.000987vE,Y,Y,presentInAll,Y,NA,N,NA,10,noneSelected,800,40,800,NA,wsalas@field-ops.org,vschmitt@field-ops.org,NA,20201217T151633Z,RELEASE-2021,NA
10656860-1d5c-4cc1-93a2-44eb9edc30c1,ABBY_074.basePlot.vst,2016-09-01T00:00:00Z,D16,ABBY,ABBY_074,tower,evergreenForest,45.761302,-122.325028,WGS84,20.1,552488.9,5067748.57,10N,365.7,0.1,vst_ABBY_2016,NA,NA,NEON.DOC.000987vE,Y,Y,NA,Y,NA,N,NA,100,noneSelected,800,400,800,NA,vschmitt@field-ops.org,wsalas@field-ops.org,NA,20201217T151633Z,RELEASE-2021,NA
2b41928e-25de-4372-8ff0-50b0f82d555b,ABBY_076.basePlot.vst,2016-09-09T00:00:00Z,D16,ABBY,ABBY_076,tower,evergreenForest,45.763791,-122.330004,WGS84,20.1,552099.63,5068021.85,10N,358.6,0.1,vst_ABBY_2016,NA,NA,NEON.DOC.000987vE,Y,N,NA,Y,NA,N,NA,100,noneSelected,800,400,800,NA,wsalas@field-ops.org,bgorzek@field-ops.org,NA,20201217T151633Z,RELEASE-2021,NA
d4303c85-7bbd-4a05-865f-f28bfb9d536d,ABBY_007.basePlot.vst,2016-10-10T00:00:00Z,D16,ABBY,ABBY_007,distributed,evergreenForest,45.768936,-122.361007,WGS84,20.2,549684.23,5068573.74,10N,444.5,0.3,vst_ABBY_2016,NA,NA,NEON.DOC.000987vE,Y,Y,presentInAll,Y,presentInAll,N,NA,10,noneSelected,400,80,400,NA,ed'auria@field-ops.org,bvierra@neoninc.org,NA,20201217T152653Z,RELEASE-2021,NA
758dd3af-973d-4fe9-9faa-b28a749fcd7a,ABBY_062.basePlot.vst,2016-10-19T00:00:00Z,D16,ABBY,ABBY_062,tower,evergreenForest,45.763476,-122.328069,WGS84,20.1,552250.39,5067988.12,10N,342.2,0.2,vst_ABBY_2016,NA,NA,NEON.DOC.000987vE,Y,Y,presentInAll,Y,NA,N,NA,25,noneSelected,800,100,800,NA,wsalas@field-ops.org,bgorzek@field-ops.org,NA,20201217T152653Z,RELEASE-2021,NA
2d2b86d9-4249-4f16-b24f-ae0746621239,ABBY_063.basePlot.vst,2016-10-24T00:00:00Z,D16,ABBY,ABBY_063,tower,evergreenForest,45.760513,-122.330039,WGS84,20.1,552099.96,5067657.64,10N,362.2,0.1,vst_ABBY_2016,NA,NA,NEON.DOC.000987vE,Y,Y,NA,Y,NA,N,NA,noneSelected,noneSelected,800,800,800,missed plot _063 Ferns bout 2016,jzemaitis@neoninc.org,bgorzek@field-ops.org,NA,20201217T152653Z,RELEASE-2021,NA
2441170e-0721-44b5-a8af-8471b5567df3,ABBY_004.basePlot.vst,2017-03-14T00:00:00Z,D16,ABBY,ABBY_004,distributed,shrubScrub,45.76858,-122.298736,WGS84,20.1,554526.39,5068574.77,10N,586.1,0.1,vst_ABBY_2016,NA,NA,NEON.DOC.000987vF,Y,N,NA,Y,presentInAll,N,NA,noneSelected,noneSelected,400,400,400,NA,Eolsen@battelleecology.org,edauria@field-ops.org,NA,20210114T180407Z,RELEASE-2021,31 | 32 |  40 | 41
f3b50eaa-bec9-4e7b-a48a-d6efe9360bf4,ABBY_009.basePlot.vst,2017-03-14T00:00:00Z,D16,ABBY,ABBY_009,distributed,shrubScrub,45.76561,-122.299532,WGS84,20.1,554467.39,5068244.25,10N,538.6,0.1,vst_ABBY_2016,NA,NA,NEON.DOC.000987vE,Y,N,NA,Y,presentInAll,N,NA,25,noneSelected,400,200,400,data entry: vschmitt@battelleecology.org,edauria@field-ops.org,Jzemaitis@battelleecology.org,NA,20210114T180407Z,RELEASE-2021,31 | 32 |  40 | 41
7505081f-b196-4b3c-be29-0036ce9c5658,ABBY_011.basePlot.vst,2017-03-15T00:00:00Z,D16,ABBY,ABBY_011,distributed,grasslandHerbaceous,45.743361,-122.358994,WGS84,20.1,549863.53,5065733.56,10N,497,0.1,vst_ABBY_2016,NA,NA,NEON.DOC.000987vE,Y,N,NA,Y,presentInAll,N,NA,25,noneSelected,400,200,400,NA,jzemaitis@neoninc.org,Eolsen@battelleecology.org,NA,20210114T180407Z,RELEASE-2021,31 | 32 |  40 | 41
e72bacb8-ee13-497b-bc01-1a320c78010d,ABBY_023.basePlot.vst,2017-03-16T00:00:00Z,D16,ABBY,ABBY_023,distributed,mixedForest,45.744589,-122.381659,WGS84,20.1,548099.37,5065856.12,10N,507.5,0.2,vst_ABBY_2016,NA,NA,NEON.DOC.000987vE,Y,Y,presentInAll,Y,presentInAll,N,NA,10,noneSelected,400,80,400,NA,edauria@field-ops.org,Eolsen@battelleecology.org,NA,20210114T180407Z,RELEASE-2021,31 | 32 |  40 | 41
ff067651-823a-4af6-af50-753902ac8c34,ABBY_013.basePlot.vst,2017-03-16T00:00:00Z,D16,ABBY,ABBY_013,distributed,grasslandHerbaceous,45.745332,-122.372807,WGS84,20.1,548787.3,5065944.03,10N,632.6,0.1,vst_ABBY_2016,NA,NA,NEON.DOC.000987vE,Y,N,NA,Y,41_1,N,NA,25,noneSelected,400,200,400,NA,edauria@field-ops.org,vschmitt@field-ops.org,NA,20210114T180407Z,RELEASE-2021,31 | 32 |  40 | 41
286c7587-b7d7-4d7e-bd98-549101456c4e,ABBY_010.basePlot.vst,2017-03-21T00:00:00Z,D16,ABBY,ABBY_010,distributed,evergreenForest,45.776549,-122.375934,WGS84,20.2,548517,5069410.39,10N,552.6,0.3,vst_ABBY_2016,NA,NA,NEON.DOC.000987vE,Y,Y,NA,Y,NA,N,NA,25,noneSelected,400,200,400,NA,jschempf@battelleecology.org,Eolsen@battelleecology.org,NA,20210114T180407Z,RELEASE-2021,31 | 32 |  40 | 41
a2cfc7a5-b635-407d-82f9-50d026da9f17,ABBY_003.basePlot.vst,2017-03-22T00:00:00Z,D16,ABBY,ABBY_003,distributed,evergreenForest,45.762016,-122.371092,WGS84,20.1,548906.13,5067798.7,10N,602.4,0.1,vst_ABBY_2016,NA,NA,NEON.DOC.000987vE,Y,Y,NA,Y,NA,N,NA,noneSelected,noneSelected,400,400,400,NA,bcarroll@neoninc.org,vschmitt@field-ops.org,NA,20210114T180407Z,RELEASE-2021,31 | 32 |  40 | 41
8f4bbe12-5fdb-451a-93de-699a4b63564e,ABBY_018.basePlot.vst,2017-03-22T00:00:00Z,D16,ABBY,ABBY_018,distributed,grasslandHerbaceous,45.764526,-122.38678,WGS84,20.1,547684.04,5068068.09,10N,459.5,0.1,vst_ABBY_2016,NA,NA,NEON.DOC.000987vE,Y,Y,presentInAll,Y,presentInAll,N,NA,noneSelected,noneSelected,400,400,400,NA,rdietrich@battelleecology.org,cordell@battelleecology.org,NA,20210114T180407Z,RELEASE-2021,31 | 32 |  40 | 41
048f620b-85dd-41cd-a37f-875df75c1587,ABBY_005.basePlot.vst,2017-03-23T00:00:00Z,D16,ABBY,ABBY_005,distributed,shrubScrub,45.770977,-122.389412,WGS84,20.1,547473.9,5068783.24,10N,472.3,0.1,vst_ABBY_2016,NA,NA,NEON.DOC.000987vE,Y,N,NA,Y,NA,N,NA,10,noneSelected,400,80,400,NA,Eolsen@battelleecology.org,jhausknecht@battelleecology.org,NA,20210114T180407Z,RELEASE-2021,31 | 32 |  40 | 41
a721560d-aa4a-4d98-8659-e8ebad9bdee2,ABBY_012.basePlot.vst,2017-03-23T00:00:00Z,D16,ABBY,ABBY_012,distributed,shrubScrub,45.754263,-122.384239,WGS84,20.1,547890.41,5066929.37,10N,439,0.1,vst_ABBY_2016,NA,NA,NEON.DOC.000987vE,Y,Y,31|32|40,Y,presentInAll,N,NA,25,noneSelected,400,200,400,NA,vschmitt@battelleecology.org,rdietrich@battelleecology.org,NA,20210114T180407Z,RELEASE-2021,31 | 32 |  40 | 41
e33726bd-62c9-4310-a67f-de2cea728a91,ABBY_008.basePlot.vst,2017-03-24T00:00:00Z,D16,ABBY,ABBY_008,distributed,evergreenForest,45.771358,-122.355223,WGS84,20.2,550131.79,5068846.44,10N,352.6,0.4,vst_ABBY_2016,NA,NA,NEON.DOC.000987vE,Y,Y,presentInAll,Y,presentInAll,N,NA,10,noneSelected,400,80,400,NA,cordell@battelleecology.org,jschempf@battelleecology.org,NA,20210114T180407Z,RELEASE-2021,31 | 32 |  40 | 41
bd1ebaa6-cd99-48ab-a235-efcb01dcc95f,ABBY_016.basePlot.vst,2017-03-24T00:00:00Z,D16,ABBY,ABBY_016,distributed,evergreenForest,45.746995,-122.332415,WGS84,20.1,551927.72,5066154.22,10N,379.8,0.2,vst_ABBY_2016,NA,NA,NEON.DOC.000987vE,Y,Y,presentInAll,Y,presentInAll,N,NA,10,noneSelected,400,80,400,NA,bveirra@battelleecology.org,vschmitt@battelleecology.org,NA,20210114T180407Z,RELEASE-2021,31 | 32 |  40 | 41
a471874f-85d6-4a17-b741-e0cf40692deb,ABBY_017.basePlot.vst,2017-03-28T00:00:00Z,D16,ABBY,ABBY_017,distributed,evergreenForest,45.772764,-122.369799,WGS84,20.1,548997.27,5068993.61,10N,495.7,0.1,vst_ABBY_2016,NA,NA,NEON.DOC.000987vE,Y,Y,presentInAll,Y,presentInAll,N,NA,1,noneSelected,400,8,400,NA,sdoak@battelleecology.org,Eolsen@battelleecology.org,NA,20210114T180407Z,RELEASE-2021,31 | 32 |  40 | 41
7742de60-49bc-4d0b-909d-fe32c12a79db,ABBY_014.basePlot.vst,2017-03-29T00:00:00Z,D16,ABBY,ABBY_014,distributed,evergreenForest,45.751186,-122.317373,WGS84,20.4,553093.78,5066629.72,10N,466,0.4,vst_ABBY_2016,NA,NA,NEON.DOC.000987vE,Y,Y,presentInAll,Y,presentInAll,N,NA,25,noneSelected,400,200,400,NA,vschmitt@battelleecology.org,jhausknecht@battelleecology.org,NA,20210114T180407Z,RELEASE-2021,31 | 32 |  40 | 41
89d54aa8-525c-47fa-ad2c-0e136b1af5ba,ABBY_019.basePlot.vst,2017-03-29T00:00:00Z,D16,ABBY,ABBY_019,distributed,evergreenForest,45.752593,-122.325825,WGS84,20.1,552435.08,5066780.46,10N,418.2,0.1,vst_ABBY_2016,NA,NA,NEON.DOC.000987vE,Y,Y,presentInAll,Y,presentInAll,N,NA,10,noneSelected,400,80,400,NA,sdoak@battelleecology.org,Eolsen@battelleecology.org,NA,20210114T180407Z,RELEASE-2021,31 | 32 |  40 | 41
6c55985f-c9e4-4c4e-98c1-39d48c9d6a92,ABBY_001.basePlot.vst,2017-03-29T00:00:00Z,D16,ABBY,ABBY_001,distributed,evergreenForest,45.772619,-122.346369,WGS84,20.3,550819.05,5068992.13,10N,302.6,0.3,vst_ABBY_2016,NA,NA,NEON.DOC.000987vE,Y,Y,presentInAll,Y,presentInAll,N,NA,10,noneSelected,400,80,400,NA,ccordell@battelleecology.org,tburlingame@battelleecology.org,NA,20210114T180407Z,RELEASE-2021,31 | 32 |  40 | 41
f1afdac9-fd0c-4771-b523-5067a619a7d9,ABBY_006.basePlot.vst,2017-03-30T00:00:00Z,D16,ABBY,ABBY_006,distributed,evergreenForest,45.754053,-122.298512,WGS84,20.2,554557.97,5066960.94,10N,534.2,0.2,vst_ABBY_2016,NA,NA,NEON.DOC.000987vE,Y,Y,presentInAll,Y,presentInAll,N,NA,10,noneSelected,400,80,400,NA,jschempf@battelleecology.org,vschmitt@field-ops.org,NA,20210114T180407Z,RELEASE-2021,31 | 32 |  40 | 41
10ff1295-190d-46e3-813a-09537e64e7f9,ABBY_002.basePlot.vst,2017-03-31T00:00:00Z,D16,ABBY,ABBY_002,distributed,grasslandHerbaceous,45.739055,-122.309112,WGS84,20.1,553747.95,5065287.46,10N,638.4,0.1,vst_ABBY_2016,NA,NA,NEON.DOC.000987vE,Y,N,NA,Y,NA,N,NA,noneSelected,noneSelected,400,400,400,NA,kwells@battelleecology.org,ccordell@battelleecology.org,NA,20210114T180407Z,RELEASE-2021,31 | 32 |  40 | 41
c0554a32-5eb2-41f6-ae71-34a05bb23500,ABBY_025.basePlot.vst,2017-04-03T00:00:00Z,D16,ABBY,ABBY_025,distributed,mixedForest,45.76953,-122.324489,WGS84,20.2,552523.09,5068663.07,10N,321.8,0.3,vst_ABBY_2016,NA,NA,NEON.DOC.000987vF,Y,Y,presentInAll,Y,presentInAll,N,NA,25,noneSelected,400,200,400,NA,sdoak@battelleecology.org,Eolsen@battelleecology.org,NA,20210114T175319Z,RELEASE-2021,31 | 32 |  40 | 41
c3913fa3-8532-4ae7-ab99-1ad7d57df043,ABBY_007.basePlot.vst,2017-04-03T00:00:00Z,D16,ABBY,ABBY_007,distributed,evergreenForest,45.768936,-122.361007,WGS84,20.2,549684.23,5068573.74,10N,444.5,0.3,vst_ABBY_2016,NA,NA,NEON.DOC.000987vE,Y,Y,32|40|41,Y,40,N,NA,noneSelected,noneSelected,400,400,400,NA,kwells@battelleecology.org,jhausknecht@battelleecology.org,NA,20210114T175319Z,RELEASE-2021,31 | 32 |  40 | 41
98fadb36-af7a-4e29-97fb-d957283ed18b,ABBY_068.basePlot.vst,2017-07-26T00:00:00Z,D16,ABBY,ABBY_068,tower,evergreenForest,45.76051,-122.328493,WGS84,20.1,552220.18,5067658.31,10N,365.4,0.1,vst_ABBY_2017,NA,NA,NEON.DOC.000987vG,Y,N,NA,N,NA,N,NA,25,noneSelected,800,100,800,NA,kwells@battelleecology.org,bcarroll@neoninc.org,NA,20210114T174326Z,RELEASE-2021,21 | 39
342630d0-cbd7-4172-bb96-5e30a71bc1ee,ABBY_063.basePlot.vst,2017-07-26T00:00:00Z,D16,ABBY,ABBY_063,tower,evergreenForest,45.760513,-122.330039,WGS84,20.1,552099.96,5067657.64,10N,362.2,0.1,vst_ABBY_2017,NA,NA,NEON.DOC.000987vG,Y,N,NA,N,NA,N,NA,noneSelected,noneSelected,800,800,800,NA,vschmitt@battelleecology.org,Jbush@battelleecology.org,NA,20210114T174326Z,RELEASE-2021,21 | 39
6c745494-fe08-4d56-82fb-26a20a0781dd,ABBY_061.basePlot.vst,2017-07-27T00:00:00Z,D16,ABBY,ABBY_061,tower,evergreenForest,45.762451,-122.331158,WGS84,20.1,552011.14,5067872.22,10N,362.8,0.1,vst_ABBY_2017,NA,NA,NEON.DOC.000987vG,Y,N,NA,N,NA,N,NA,100,noneSelected,800,400,800,21.1 corner is fairly trampled,Jbush@battelleecology.org,vschmitt@battelleecology.org,NA,20210114T174326Z,RELEASE-2021,21 | 39
7d729731-afb4-46a4-bad5-8c45196a59ea,ABBY_069.basePlot.vst,2017-07-27T00:00:00Z,D16,ABBY,ABBY_069,tower,grasslandHerbaceous,45.761584,-122.327321,WGS84,20.1,552310.32,5067778.4,10N,368.2,0.2,vst_ABBY_2017,NA,NA,NEON.DOC.000987vG,Y,N,NA,N,NA,N,NA,100,noneSelected,800,400,800,NA,Kchilders@battelleecology.org,bcarroll@neoninc.org,NA,20210114T174326Z,RELEASE-2021,21 | 41
cc164ed1-40b0-46ba-8a87-a559d1f40d7d,ABBY_065.basePlot.vst,2017-07-27T00:00:00Z,D16,ABBY,ABBY_065,tower,grasslandHerbaceous,45.762196,-122.333084,WGS84,20.1,551861.6,5067842.64,10N,357,0.1,vst_ABBY_2017,NA,NA,NEON.DOC.000987vG,Y,Y,presentInAll,Y,presentInAll,N,NA,25,noneSelected,800,100,800,Pt 43 is both South and West of cardinal. 41.1 is mildly affected. 41.4 is highly affected. REDUCED NESTED PER NEON-10460 nestedSubplotShrubSapling changed from 100 m2 to 25m2,Eolsen@battelleecology.org,ccordell@battelleecology.org,NA,20210114T174326Z,RELEASE-2021,23 | 41
19e23b6b-3bfa-4d8d-a718-41ad23eb63bc,ABBY_067.basePlot.vst,2017-07-27T00:00:00Z,D16,ABBY,ABBY_067,tower,evergreenForest,45.760563,-122.331558,WGS84,20.1,551981.78,5067662.2,10N,359.9,0.1,vst_ABBY_2017,NA,NA,NEON.DOC.000987vG,Y,Y,NA,Y,NA,N,NA,25,noneSelected,800,100,800,NA,kwells@battelleecology.org,vschmitt@battelleecology.org,NA,20210114T174326Z,RELEASE-2021,21 | 39
4dcd4bd9-667a-4a8e-a598-0695f1cf2a9f,ABBY_070.basePlot.vst,2017-07-31T00:00:00Z,D16,ABBY,ABBY_070,tower,evergreenForest,45.761334,-122.330793,WGS84,20.1,552040.56,5067748.36,10N,363.1,0.1,vst_ABBY_2017,NA,NA,NEON.DOC.000987vG,Y,Y,presentInAll,Y,presentInAll,N,NA,100,noneSelected,800,400,800,NA,Eolsen@battelleecology.org,ccordell@battelleecology.org,NA,20210114T174326Z,RELEASE-2021,21 | 39
cf417fdb-2635-4604-9e27-6276bb4e039e,ABBY_076.basePlot.vst,2017-08-01T00:00:00Z,D16,ABBY,ABBY_076,tower,evergreenForest,45.763791,-122.330004,WGS84,20.1,552099.63,5068021.85,10N,358.6,0.1,vst_ABBY_2017,NA,NA,NEON.DOC.000987vG,Y,N,NA,N,NA,N,NA,25,noneSelected,800,100,800,NA,bcarroll@neoninc.org,jhausknecht@battelleecology.org,NA,20210114T174319Z,RELEASE-2021,21 | 23
a76a3a9b-5b90-462b-b392-1b8633db30e4,ABBY_074.basePlot.vst,2017-08-01T00:00:00Z,D16,ABBY,ABBY_074,tower,evergreenForest,45.761302,-122.325028,WGS84,20.1,552488.9,5067748.57,10N,365.7,0.1,vst_ABBY_2017,NA,NA,NEON.DOC.000987vG,Y,N,NA,N,NA,N,NA,25,noneSelected,800,100,800,NA,Kchilders@battelleecology.org,mesquibel@battelleecology.org,NA,20210114T174319Z,RELEASE-2021,21 | 23
9f977b5b-161f-42df-9ce4-5a5e6b19456e,ABBY_073.basePlot.vst,2017-08-01T00:00:00Z,D16,ABBY,ABBY_073,tower,evergreenForest,45.762944,-122.324601,WGS84,20.1,552520.56,5067931.28,10N,336.5,0.1,vst_ABBY_2017,NA,NA,NEON.DOC.000987vG,N,NA,NA,NA,NA,NA,NA,10,noneSelected,800,40,800,NA,vschmitt@battelleecology.org,edauria@battelleecology.org,NA,20210114T174319Z,RELEASE-2021,23 | 39
a9a6a4b8-ce6e-4286-ac20-10486aa426ae,ABBY_062.basePlot.vst,2017-08-02T00:00:00Z,D16,ABBY,ABBY_062,tower,evergreenForest,45.763476,-122.328069,WGS84,20.1,552250.39,5067988.12,10N,342.2,0.2,vst_ABBY_2017,NA,NA,NEON.DOC.000987vG,Y,N,NA,N,NA,N,NA,25,noneSelected,800,100,800,NA,vschmitt@battelleecology.org,jschempf@battelleecology.org,NA,20210114T174319Z,RELEASE-2021,39 | 41
c7a02d86-9fe9-4f84-a944-2e75619cb77a,ABBY_075.basePlot.vst,2017-08-02T00:00:00Z,D16,ABBY,ABBY_075,tower,shrubScrub,45.762125,-122.323463,WGS84,20.1,552609.83,5067841.04,10N,343.6,0.1,vst_ABBY_2017,NA,NA,NEON.DOC.000987vG,N,NA,NA,NA,NA,NA,NA,25,noneSelected,800,100,800,NA,Jzemaitis@battelleecology.org,Jbush@battelleecology.org,NA,20210114T174319Z,RELEASE-2021,21 | 39
9b366e98-25a6-4eb8-be17-0917f7997b15,ABBY_064.basePlot.vst,2017-08-03T00:00:00Z,D16,ABBY,ABBY_064,tower,grasslandHerbaceous,45.762429,-122.328467,WGS84,20.1,552220.42,5067871.53,10N,361.1,0.1,vst_ABBY_2017,NA,NA,NEON.DOC.000987vG,Y,Y,NA,Y,NA,N,NA,25,noneSelected,800,100,800,NA,jbrittain@battelleecology.org,kwells@battelleecology.org,NA,20210114T174319Z,RELEASE-2021,21 | 23
9b12d421-2465-4669-b594-53b7400ae9be,ABBY_076.basePlot.vst,2018-07-26T00:00:00Z,D16,ABBY,ABBY_076,tower,evergreenForest,45.763791,-122.330004,WGS84,20.1,552099.63,5068021.85,10N,358.6,0.1,vst_ABBY_2018,NA,NA,NEON.DOC.000987vG,Y,Y,presentInAll,Y,presentInAll,N,NA,25,noneSelected,800,100,800,shrub/sapling nested reduced from 100 m^2 to 25 m^2 2018,ccordell@battelleecology.org,hspencer@battelleecology.org,NA,20210114T174335Z,RELEASE-2021,21 | 23
499f801e-33f1-4105-bee9-64c4dcf364a7,ABBY_062.basePlot.vst,2018-07-26T00:00:00Z,D16,ABBY,ABBY_062,tower,evergreenForest,45.763476,-122.328069,WGS84,20.1,552250.39,5067988.12,10N,342.2,0.2,vst_ABBY_2018,NA,NA,NEON.DOC.000987vG,Y,Y,presentInAll,Y,39_3|41_1|41_4,N,NA,25,noneSelected,800,100,800,NA,hspencer@battelleecology.org,ccordell@battelleecology.org,NA,20210114T174335Z,RELEASE-2021,39 | 41
898a7baf-344c-443c-82de-392956a4c77d,ABBY_067.basePlot.vst,2018-07-27T00:00:00Z,D16,ABBY,ABBY_067,tower,evergreenForest,45.760563,-122.331558,WGS84,20.1,551981.78,5067662.2,10N,359.9,0.1,vst_ABBY_2018,NA,NA,NEON.DOC.000987vG,Y,Y,presentInAll,Y,presentInAll,N,NA,25,noneSelected,800,100,800,NA,Jzemaitis@battelleecology.org,ccordell@battelleecology.org,NA,20210114T174335Z,RELEASE-2021,21 | 39
66d6f078-b2c8-46b7-8e83-67cb42097af5,ABBY_068.basePlot.vst,2018-07-27T00:00:00Z,D16,ABBY,ABBY_068,tower,evergreenForest,45.76051,-122.328493,WGS84,20.1,552220.18,5067658.31,10N,365.4,0.1,vst_ABBY_2018,NA,NA,NEON.DOC.000987vG,Y,Y,presentInAll,Y,presentInAll,N,NA,25,noneSelected,800,100,800,NA,ccordell@battelleecology.org,jbrittain@battelleecology.org,NA,20210114T174335Z,RELEASE-2021,21 | 39
9004bdfd-dda2-4d3a-b6d4-9b95168cf9c6,ABBY_064.basePlot.vst,2018-07-27T00:00:00Z,D16,ABBY,ABBY_064,tower,grasslandHerbaceous,45.762429,-122.328467,WGS84,20.1,552220.42,5067871.53,10N,361.1,0.1,vst_ABBY_2018,NA,NA,NEON.DOC.000987vG,Y,Y,presentInAll,Y,presentInAll,N,NA,25,noneSelected,800,100,800,NA,jbrittain@battelleecology.org,ccordell@battelleecology.org,NA,20210114T174335Z,RELEASE-2021,21 | 23
623d6b94-fecb-403b-b2c0-fcf8a886e7e5,ABBY_063.basePlot.vst,2018-07-30T00:00:00Z,D16,ABBY,ABBY_063,tower,evergreenForest,45.760513,-122.330039,WGS84,20.1,552099.96,5067657.64,10N,362.2,0.1,vst_ABBY_2018,NA,NA,NEON.DOC.000987vG,Y,Y,presentInAll,Y,presentInAll,N,NA,noneSelected,noneSelected,800,800,800,NA,klazarus@battelleecology.org,hspencer@battelleecology.org,NA,20210114T174335Z,RELEASE-2021,21 | 39
c4cb1521-dc6e-4464-a682-cc216d590ffc,ABBY_074.basePlot.vst,2018-07-30T00:00:00Z,D16,ABBY,ABBY_074,tower,evergreenForest,45.761302,-122.325028,WGS84,20.1,552488.9,5067748.57,10N,365.7,0.1,vst_ABBY_2018,NA,NA,NEON.DOC.000987vG,Y,Y,presentInAll,Y,presentInAll,N,NA,25,noneSelected,800,100,800,NA,Jzemaitis@battelleecology.org,ccordell@battelleecology.org,NA,20210114T174335Z,RELEASE-2021,21 | 23
3f6e1126-5982-478d-bb50-beb4c1b8bdbc,ABBY_075.basePlot.vst,2018-07-30T00:00:00Z,D16,ABBY,ABBY_075,tower,shrubScrub,45.762125,-122.323463,WGS84,20.1,552609.83,5067841.04,10N,343.6,0.1,vst_ABBY_2018,NA,NA,NEON.DOC.000987vG,Y,Y,presentInAll,Y,presentInAll,N,NA,25,noneSelected,800,100,800,NA,klazarus@battelleecology.org,kwright@battelleecology.org,NA,20210114T174335Z,RELEASE-2021,21 | 39
a9ac9ad4-0b88-4d92-ba74-8e7ac5cab02c,ABBY_069.basePlot.vst,2018-07-30T00:00:00Z,D16,ABBY,ABBY_069,tower,grasslandHerbaceous,45.761584,-122.327321,WGS84,20.1,552310.32,5067778.4,10N,368.2,0.2,vst_ABBY_2018,NA,NA,NEON.DOC.000987vG,Y,Y,presentInAll,Y,presentInAll,N,NA,25,noneSelected,800,100,800,shrub/sapling nested reduced from 100 m^2 to 25 m^2 2018,kdrahota@battelleecology.org,ccordell@battelleecology.org,NA,20210114T174335Z,RELEASE-2021,21 | 41
f8276428-c54f-412e-bc42-57d15e2d2683,ABBY_061.basePlot.vst,2018-07-31T00:00:00Z,D16,ABBY,ABBY_061,tower,evergreenForest,45.762451,-122.331158,WGS84,20.1,552011.14,5067872.22,10N,362.8,0.1,vst_ABBY_2018,NA,NA,NEON.DOC.000987vG,Y,Y,presentInAll,Y,presentInAll,N,NA,100,noneSelected,800,400,800,NA,Jzemaitis@battelleecology.org,ccordell@battelleecology.org,NA,20210114T174335Z,RELEASE-2021,21 | 39
611aba99-9076-459d-a1b1-c60e715f0bf8,ABBY_070.basePlot.vst,2018-07-31T00:00:00Z,D16,ABBY,ABBY_070,tower,evergreenForest,45.761334,-122.330793,WGS84,20.1,552040.56,5067748.36,10N,363.1,0.1,vst_ABBY_2018,NA,NA,NEON.DOC.000987vG,Y,Y,presentInAll,Y,presentInAll,N,NA,100,noneSelected,800,400,800,NA,Jzemaitis@battelleecology.org,ccordell@battelleecology.org,NA,20210114T174335Z,RELEASE-2021,21 | 39
bc98d1d7-650c-46ee-9c25-70883a12dcc3,ABBY_073.basePlot.vst,2018-08-01T00:00:00Z,D16,ABBY,ABBY_073,tower,evergreenForest,45.762944,-122.324601,WGS84,20.1,552520.56,5067931.28,10N,336.5,0.1,vst_ABBY_2018,NA,NA,NEON.DOC.000987vG,Y,Y,presentInAll,Y,23_2|23_4|39_3,N,NA,10,noneSelected,800,40,800,NA,ccordell@battelleecology.org,kdrahota@battelleecology.org,NA,20210114T174410Z,RELEASE-2021,23 | 39
c45393b9-b8e6-42fc-b94c-f165c97be97f,ABBY_065.basePlot.vst,2018-08-01T00:00:00Z,D16,ABBY,ABBY_065,tower,grasslandHerbaceous,45.762196,-122.333084,WGS84,20.1,551861.6,5067842.64,10N,357,0.1,vst_ABBY_2018,NA,NA,NEON.DOC.000987vG,Y,Y,presentInAll,Y,presentInAll,N,NA,25,noneSelected,800,100,800,NA,jbrittain@battelleecology.org,klazarus@battelleecology.org,NA,20210114T174410Z,RELEASE-2021,23 | 41
a4556be7-2d7b-4422-8651-99400de9e909,ABBY_063.basePlot.vst,2019-07-22T00:00:00Z,D16,ABBY,ABBY_063,tower,evergreenForest,45.760513,-122.330039,WGS84,20.1,552099.96,5067657.64,10N,362.2,0.1,vst_ABBY_2019,NA,NA,NEON.DOC.000987vH,Y,Y,presentInAll,Y,presentInAll,N,NA,noneSelected,noneSelected,NA,NA,NA,NA,NA,NA,NA,20210114T174454Z,RELEASE-2021,21 | 39
1a2ef82f-2f17-47e5-8d67-3d81e189bbb8,ABBY_068.basePlot.vst,2019-07-22T00:00:00Z,D16,ABBY,ABBY_068,tower,evergreenForest,45.76051,-122.328493,WGS84,20.1,552220.18,5067658.31,10N,365.4,0.1,vst_ABBY_2019,NA,NA,NEON.DOC.000987vH,Y,Y,NA,N,NA,N,NA,noneSelected,noneSelected,800,800,800,NA,NA,NA,NA,20210114T174454Z,RELEASE-2021,21 | 39
1e08dcae-9413-478d-b6f6-fccde3efbdd8,ABBY_067.basePlot.vst,2019-07-22T00:00:00Z,D16,ABBY,ABBY_067,tower,evergreenForest,45.760563,-122.331558,WGS84,20.1,551981.78,5067662.2,10N,359.9,0.1,vst_ABBY_2019,NA,NA,NEON.DOC.000987vH,Y,Y,NA,N,NA,N,NA,noneSelected,noneSelected,800,100,800,NA,NA,NA,NA,20210114T174454Z,RELEASE-2021,21 | 39
3a368b0d-6419-43e5-9f64-9ef5d8d37e41,ABBY_069.basePlot.vst,2019-07-22T00:00:00Z,D16,ABBY,ABBY_069,tower,grasslandHerbaceous,45.761584,-122.327321,WGS84,20.1,552310.32,5067778.4,10N,368.2,0.2,vst_ABBY_2019,NA,NA,NEON.DOC.000987vH,Y,Y,NA,N,NA,N,NA,noneSelected,noneSelected,800,100,800,NA,NA,NA,NA,20210114T174454Z,RELEASE-2021,21 | 41
376c12ca-36f6-4081-bd89-96150a74beda,ABBY_004.basePlot.vst,2019-07-22T00:00:00Z,D16,ABBY,ABBY_004,distributed,shrubScrub,45.76858,-122.298736,WGS84,20.1,554526.39,5068574.77,10N,586.1,0.1,vst_ABBY_2019,NA,NA,NEON.DOC.000987vH,Y,Y,NA,N,NA,N,NA,noneSelected,noneSelected,400,400,400,< 50% FERN COVER,NA,NA,NA,20210114T174454Z,RELEASE-2021,31 | 32 |  40 | 41
0b7a1dc8-e609-4bb3-945f-ccef5eaf69c3,ABBY_009.basePlot.vst,2019-07-22T00:00:00Z,D16,ABBY,ABBY_009,distributed,shrubScrub,45.76561,-122.299532,WGS84,20.1,554467.39,5068244.25,10N,538.6,0.1,vst_ABBY_2019,NA,NA,NEON.DOC.000987vH,Y,N,NA,Y,presentInAll,N,NA,25,noneSelected,400,200,400,NA,NA,NA,NA,20210114T174454Z,RELEASE-2021,31 | 32 |  40 | 41
7a207b71-4a20-4ebe-97ac-e32dc81d1cf2,ABBY_003.basePlot.vst,2019-07-23T00:00:00Z,D16,ABBY,ABBY_003,distributed,evergreenForest,45.762016,-122.371092,WGS84,20.1,548906.13,5067798.7,10N,602.4,0.1,vst_ABBY_2019,NA,NA,NEON.DOC.000987vH,Y,Y,presentInAll,Y,presentInAll,N,NA,noneSelected,noneSelected,NA,NA,NA,NA,NA,NA,NA,20210114T174454Z,RELEASE-2021,NA
124b09d6-6b1e-4af3-bd6f-427dea0ada58,ABBY_010.basePlot.vst,2019-07-23T00:00:00Z,D16,ABBY,ABBY_010,distributed,evergreenForest,45.776549,-122.375934,WGS84,20.2,548517,5069410.39,10N,552.6,0.3,vst_ABBY_2019,NA,NA,NEON.DOC.000987vH,Y,Y,presentInAll,Y,presentInAll,N,NA,noneSelected,noneSelected,400,200,NA,NA,NA,NA,NA,20210114T174454Z,RELEASE-2021,31 | 32 |  40 | 41
2755c509-355b-404f-9f8d-473a3d8c1436,ABBY_017.basePlot.vst,2019-07-23T00:00:00Z,D16,ABBY,ABBY_017,distributed,evergreenForest,45.772764,-122.369799,WGS84,20.1,548997.27,5068993.61,10N,495.7,0.1,vst_ABBY_2019,NA,NA,NEON.DOC.000987vH,Y,Y,41,Y,presentInAll,N,NA,1,noneSelected,400,8,NA,NLCD = FORESTED. FERNS NOT SAMPLED.,NA,NA,NA,20210114T174454Z,RELEASE-2021,31 | 32 |  40 | 41
a9a64b98-01b7-468e-8624-53b62f0c781e,ABBY_016.basePlot.vst,2019-07-24T00:00:00Z,D16,ABBY,ABBY_016,distributed,evergreenForest,45.746995,-122.332415,WGS84,20.1,551927.72,5066154.22,10N,379.8,0.2,vst_ABBY_2019,NA,NA,NEON.DOC.000987vH,Y,Y,presentInAll,Y,presentInAll,N,NA,10,noneSelected,400,80,NA,NLCD = FORESTED. FERNS NOT SAMPLED.,NA,NA,NA,20210114T174454Z,RELEASE-2021,31 | 32 |  40 | 41
532efa5e-377a-46f8-b9f5-dc8800fb8d7c,ABBY_014.basePlot.vst,2019-07-24T00:00:00Z,D16,ABBY,ABBY_014,distributed,evergreenForest,45.751186,-122.317373,WGS84,20.4,553093.78,5066629.72,10N,466,0.4,vst_ABBY_2019,NA,NA,NEON.DOC.000987vH,Y,Y,presentInAll,Y,31_1,N,NA,25,noneSelected,400,200,400,NLCD = FORESTED. FERNS NOT SAMPLED.,NA,NA,NA,20210114T174454Z,RELEASE-2021,31 | 32 |  40 | 41
038e503e-ea19-4265-a3c1-4b3f2a1af5c6,ABBY_012.basePlot.vst,2019-07-24T00:00:00Z,D16,ABBY,ABBY_012,distributed,shrubScrub,45.754263,-122.384239,WGS84,20.1,547890.41,5066929.37,10N,439,0.1,vst_ABBY_2019,NA,NA,NEON.DOC.000987vH,Y,Y,31|32|40,Y,presentInAll,N,NA,25,noneSelected,400,200,400,NA,NA,NA,NA,20210114T174454Z,RELEASE-2021,31 | 32 |  40 | 41
d4670285-9101-437c-a3c1-a35b624f13bd,ABBY_018.basePlot.vst,2019-07-24T00:00:00Z,D16,ABBY,ABBY_018,distributed,grasslandHerbaceous,45.764526,-122.38678,WGS84,20.1,547684.04,5068068.09,10N,459.5,0.1,vst_ABBY_2019,NA,NA,NEON.DOC.000987vH,Y,Y,31|32|40,Y,presentInAll,N,NA,noneSelected,noneSelected,400,400,400,< 50% FERN COVER,NA,NA,NA,20210114T174454Z,RELEASE-2021,31 | 32 |  40 | 41
2fe6ca95-db25-4529-ae55-773a48545a53,ABBY_007.basePlot.vst,2019-07-24T00:00:00Z,D16,ABBY,ABBY_007,distributed,evergreenForest,45.768936,-122.361007,WGS84,20.2,549684.23,5068573.74,10N,444.5,0.3,vst_ABBY_2019,NA,NA,NEON.DOC.000987vH,Y,Y,32|40|41,Y,presentInAll,N,NA,10,noneSelected,400,80,400,< 50% FERN COVER,NA,NA,NA,20210114T174454Z,RELEASE-2021,31 | 32 |  40 | 41
4df7f147-993b-427d-8055-ea7560d39413,ABBY_070.basePlot.vst,2019-07-25T00:00:00Z,D16,ABBY,ABBY_070,tower,evergreenForest,45.761334,-122.330793,WGS84,20.1,552040.56,5067748.36,10N,363.1,0.1,vst_ABBY_2019,NA,NA,NEON.DOC.000987vH,Y,Y,NA,Y,NA,N,NA,100,noneSelected,800,400,NA,NA,NA,NA,NA,20210114T174454Z,RELEASE-2021,21 | 39
5af04176-eed8-4d82-a8c9-d5212de4b9e5,ABBY_075.basePlot.vst,2019-07-25T00:00:00Z,D16,ABBY,ABBY_075,tower,shrubScrub,45.762125,-122.323463,WGS84,20.1,552609.83,5067841.04,10N,343.6,0.1,vst_ABBY_2019,NA,NA,NEON.DOC.000987vH,Y,Y,NA,Y,NA,N,NA,25,noneSelected,800,100,800,NA,NA,NA,NA,20210114T174454Z,RELEASE-2021,21 | 39
44696239-1a5d-4917-aab1-54337ff7d822,ABBY_076.basePlot.vst,2019-07-25T00:00:00Z,D16,ABBY,ABBY_076,tower,evergreenForest,45.763791,-122.330004,WGS84,20.1,552099.63,5068021.85,10N,358.6,0.1,vst_ABBY_2019,NA,NA,NEON.DOC.000987vH,Y,Y,presentInAll,N,NA,N,NA,noneSelected,noneSelected,800,800,400,NA,NA,NA,NA,20210114T174454Z,RELEASE-2021,21 | 23
e347d078-60ad-4ab5-8bda-b93147e84d40,ABBY_062.basePlot.vst,2019-07-25T00:00:00Z,D16,ABBY,ABBY_062,tower,evergreenForest,45.763476,-122.328069,WGS84,20.1,552250.39,5067988.12,10N,342.2,0.2,vst_ABBY_2019,NA,NA,NEON.DOC.000987vH,Y,Y,NA,Y,NA,N,NA,25,noneSelected,800,100,800,NA,NA,NA,NA,20210114T174454Z,RELEASE-2021,39 | 41
f41bdcbd-39eb-4cec-96dc-c3461bc0642c,ABBY_025.basePlot.vst,2019-07-25T00:00:00Z,D16,ABBY,ABBY_025,distributed,mixedForest,45.76953,-122.324489,WGS84,20.2,552523.09,5068663.07,10N,321.8,0.3,vst_ABBY_2019,NA,NA,NEON.DOC.000987vH,Y,Y,presentInAll,Y,presentInAll,N,NA,25,noneSelected,400,200,400,NA,NA,NA,NA,20210114T174454Z,RELEASE-2021,31 | 32 |  40 | 41
b0d84b88-0fb0-4a7e-bae9-02a86263e018,ABBY_061.basePlot.vst,2019-07-25T00:00:00Z,D16,ABBY,ABBY_061,tower,evergreenForest,45.762451,-122.331158,WGS84,20.1,552011.14,5067872.22,10N,362.8,0.1,vst_ABBY_2019,NA,NA,NEON.DOC.000987vH,Y,Y,presentInAll,Y,presentInAll,N,NA,100,noneSelected,800,400,800,NA,NA,NA,NA,20210114T174454Z,RELEASE-2021,21 | 39
e8f67090-d8bb-4b8c-9d8a-a8c47dfa84df,ABBY_074.basePlot.vst,2019-07-25T00:00:00Z,D16,ABBY,ABBY_074,tower,evergreenForest,45.761302,-122.325028,WGS84,20.1,552488.9,5067748.57,10N,365.7,0.1,vst_ABBY_2019,NA,NA,NEON.DOC.000987vH,Y,Y,NA,Y,NA,N,NA,25,noneSelected,800,100,800,NA,NA,NA,NA,20210114T174454Z,RELEASE-2021,21 | 23
da00951d-7902-4fb4-a883-149429ca3ae7,ABBY_001.basePlot.vst,2019-07-25T00:00:00Z,D16,ABBY,ABBY_001,distributed,evergreenForest,45.772619,-122.346369,WGS84,20.3,550819.05,5068992.13,10N,302.6,0.3,vst_ABBY_2019,NA,NA,NEON.DOC.000987vH,Y,Y,presentInAll,Y,presentInAll,N,NA,10,noneSelected,400,80,400,NA,NA,NA,NA,20210114T174454Z,RELEASE-2021,31 | 32 |  40 | 41
ce56a02c-e369-4327-a74d-a851a1a97cf4,ABBY_006.basePlot.vst,2019-07-25T00:00:00Z,D16,ABBY,ABBY_006,distributed,evergreenForest,45.754053,-122.298512,WGS84,20.2,554557.97,5066960.94,10N,534.2,0.2,vst_ABBY_2019,NA,NA,NEON.DOC.000987vH,Y,Y,NA,Y,NA,N,NA,10,noneSelected,400,80,400,NA,NA,NA,NA,20210114T174454Z,RELEASE-2021,31 | 32 |  40 | 41
e0d3e39b-689a-402c-9879-cea978b68060,ABBY_019.basePlot.vst,2019-07-25T00:00:00Z,D16,ABBY,ABBY_019,distributed,evergreenForest,45.752593,-122.325825,WGS84,20.1,552435.08,5066780.46,10N,418.2,0.1,vst_ABBY_2019,NA,NA,NEON.DOC.000987vH,Y,Y,presentInAll,Y,presentInAll,N,NA,10,noneSelected,400,80,400,NLCD = FORESTED. FERNS NOT SAMPLED.,NA,NA,NA,20210114T174454Z,RELEASE-2021,31 | 32 |  40 | 41
b973693f-ad8e-4326-9c66-5c1772399af5,ABBY_005.basePlot.vst,2019-07-25T00:00:00Z,D16,ABBY,ABBY_005,distributed,shrubScrub,45.770977,-122.389412,WGS84,20.1,547473.9,5068783.24,10N,472.3,0.1,vst_ABBY_2019,NA,NA,NEON.DOC.000987vH,Y,N,31|32|40|41,Y,presentInAll,N,NA,10,noneSelected,400,80,400,NA,NA,NA,NA,20210114T174454Z,RELEASE-2021,31 | 32 |  40 | 41
f2c147f2-7966-48c3-abf8-de3d2275e165,ABBY_065.basePlot.vst,2019-07-25T00:00:00Z,D16,ABBY,ABBY_065,tower,grasslandHerbaceous,45.762196,-122.333084,WGS84,20.1,551861.6,5067842.64,10N,357,0.1,vst_ABBY_2019,NA,NA,NEON.DOC.000987vH,Y,Y,NA,Y,NA,N,NA,25,noneSelected,800,100,800,NA,NA,NA,NA,20210114T174454Z,RELEASE-2021,23 | 41
7cb32336-8b43-45d1-b6ec-6be1483dd6ab,ABBY_023.basePlot.vst,2019-07-25T00:00:00Z,D16,ABBY,ABBY_023,distributed,mixedForest,45.744589,-122.381659,WGS84,20.1,548099.37,5065856.12,10N,507.5,0.2,vst_ABBY_2019,NA,NA,NEON.DOC.000987vH,Y,Y,presentInAll,Y,presentInAll,N,NA,10,noneSelected,400,80,400,Ferns not measured because the plot is forested,NA,NA,NA,20210114T174454Z,RELEASE-2021,31 | 32 |  40 | 41
14fa2746-205d-4ae7-8674-e037c4129c55,ABBY_064.basePlot.vst,2019-07-25T00:00:00Z,D16,ABBY,ABBY_064,tower,grasslandHerbaceous,45.762429,-122.328467,WGS84,20.1,552220.42,5067871.53,10N,361.1,0.1,vst_ABBY_2019,NA,NA,NEON.DOC.000987vH,Y,Y,presentInAll,Y,presentInAll,N,NA,25,noneSelected,800,100,800,NA,NA,NA,NA,20210114T174454Z,RELEASE-2021,21 | 23
06113210-ab6e-4c37-9b18-d9f5f27161b6,ABBY_008.basePlot.vst,2019-07-25T00:00:00Z,D16,ABBY,ABBY_008,distributed,evergreenForest,45.771358,-122.355223,WGS84,20.2,550131.79,5068846.44,10N,352.6,0.4,vst_ABBY_2019,NA,NA,NEON.DOC.000987vH,Y,Y,presentInAll,Y,presentInAll,N,NA,10,noneSelected,400,80,400,NA,NA,NA,NA,20210114T174454Z,RELEASE-2021,31 | 32 |  40 | 41
96bd3508-eccd-4045-9a15-b9cdd5898150,ABBY_011.basePlot.vst,2019-07-25T00:00:00Z,D16,ABBY,ABBY_011,distributed,grasslandHerbaceous,45.743361,-122.358994,WGS84,20.1,549863.53,5065733.56,10N,497,0.1,vst_ABBY_2019,NA,NA,NEON.DOC.000987vH,Y,N,NA,Y,presentInAll,N,NA,25,noneSelected,400,200,400,Not sampled for ferns because ferns accounted for less than 50% of plot,NA,NA,NA,20210114T174454Z,RELEASE-2021,31 | 32 |  40 | 41
3fa54cd0-7c8f-4f97-8dbe-0ae40733ac28,ABBY_002.basePlot.vst,2019-07-30T00:00:00Z,D16,ABBY,ABBY_002,distributed,grasslandHerbaceous,45.739055,-122.309112,WGS84,20.1,553747.95,5065287.46,10N,638.4,0.1,vst_ABBY_2019,NA,NA,NEON.DOC.000987vH,Y,Y,31|32|40|41,Y,presentInAll,N,NA,noneSelected,noneSelected,400,400,400,NA,NA,NA,NA,20210114T174454Z,RELEASE-2021,31 | 32 |  40 | 41
ce2ef0aa-e75c-47ff-8d71-0219d1e00cdd,ABBY_073.basePlot.vst,2019-07-31T00:00:00Z,D16,ABBY,ABBY_073,tower,evergreenForest,45.762944,-122.324601,WGS84,20.1,552520.56,5067931.28,10N,336.5,0.1,vst_ABBY_2019,NA,NA,NEON.DOC.000987vH,Y,Y,presentInAll,Y,presentInAll,N,NA,10,noneSelected,800,40,800,NA,NA,NA,NA,20210114T174454Z,RELEASE-2021,23 | 39
796a772d-89a6-45f7-9b69-c9d9219db6c0,ABBY_013.basePlot.vst,2019-09-19T00:00:00Z,D16,ABBY,ABBY_013,distributed,grasslandHerbaceous,45.745332,-122.372807,WGS84,20.1,548787.3,5065944.03,10N,632.6,0.1,vst_ABBY_2019,NA,NA,NEON.DOC.000987vH,Y,N,NA,Y,presentInAll,N,NA,25,noneSelected,400,200,400,Did not sample for ferns because they accounted for less than 50% of plot,NA,NA,NA,20210114T174415Z,RELEASE-2021,31 | 32 |  40 | 41
